SERIES,SYMBOL,SECURITY
 , ,NIFTY 50 Sec
EQ,ADANIENT,ADANI ENTERPRISES LIMITED
EQ,ADANIPORTS,ADANI PORT & SEZ LTD
EQ,APOLLOHOSP,APOLLO HOSPITALS ENTER. L
EQ,ASIANPAINT,ASIAN PAINTS LIMITED
EQ,AXISBANK,AXIS BANK LIMITED
EQ,BAJAJ-AUTO,BAJAJ AUTO LIMITED
EQ,BAJAJFINSV,BAJAJ FINSERV LTD.
EQ,BAJFINANCE,BAJAJ FINANCE LIMITED
EQ,BEL,BHARAT ELECTRONICS LTD
EQ,BHARTIARTL,BHARTI AIRTEL LIMITED
EQ,CIPLA,CIPLA LTD
EQ,COALINDIA,COAL INDIA LTD
EQ,DRREDDY,DR. REDDY S LABORATORIES
EQ,EICHERMOT,EICHER MOTORS LTD
EQ,ETERNAL,ETERNAL LIMITED
EQ,GRASIM,GRASIM INDUSTRIES LTD
EQ,HCLTECH,HCL TECHNOLOGIES LTD
EQ,HDFCBANK,HDFC BANK LTD
EQ,HDFCLIFE,HDFC LIFE INS CO LTD
EQ,HINDALCO,HINDALCO  INDUSTRIES  LTD
EQ,HINDUNILVR,HINDUSTAN UNILEVER LTD.
EQ,ICICIBANK,ICICI BANK LTD.
EQ,INDIGO,INTERGLOBE AVIATION LTD
EQ,INFY,INFOSYS LIMITED
EQ,ITC,ITC LTD
EQ,JIOFIN,JIO FIN SERVICES LTD
EQ,JSWSTEEL,JSW STEEL LIMITED
EQ,KOTAKBANK,KOTAK MAHINDRA BANK LTD
EQ,LT,LARSEN & TOUBRO LTD.
EQ,M&M,MAHINDRA & MAHINDRA LTD
EQ,MARUTI,MARUTI SUZUKI INDIA LTD.
EQ,MAXHEALTH,MAX HEALTHCARE INS LTD
EQ,NESTLEIND,NESTLE INDIA LIMITED
EQ,NTPC,NTPC LTD
EQ,ONGC,OIL AND NATURAL GAS CORP.
EQ,POWERGRID,POWER GRID CORP. LTD.
EQ,RELIANCE,RELIANCE INDUSTRIES LTD
EQ,SBILIFE,SBI LIFE INSURANCE CO LTD
EQ,SBIN,STATE BANK OF INDIA
EQ,SHRIRAMFIN,SHRIRAM FINANCE LIMITED
EQ,SUNPHARMA,SUN PHARMACEUTICAL IND L
EQ,TATACONSUM,TATA CONSUMER PRODUCT LTD
EQ,TATASTEEL,TATA STEEL LIMITED
EQ,TCS,TATA CONSULTANCY SERV LT
EQ,TECHM,TECH MAHINDRA LIMITED
EQ,TITAN,TITAN COMPANY LIMITED
EQ,TMPV,TATA MOTORS PASS VEH LTD
EQ,TRENT,TRENT LTD
EQ,ULTRACEMCO,ULTRATECH CEMENT LIMITED
EQ,WIPRO,WIPRO LTD
 , , 
 , ,NIFTY Next 50 Sec
EQ,ABB,ABB INDIA LIMITED
EQ,ADANIENSOL,ADANI ENERGY SOLUTION LTD
EQ,ADANIGREEN,ADANI GREEN ENERGY LTD
EQ,ADANIPOWER,ADANI POWER LTD
EQ,AMBUJACEM,AMBUJA CEMENTS LTD
EQ,BAJAJHLDNG,BAJAJ HOLDINGS & INVS LTD
EQ,BANKBARODA,BANK OF BARODA
EQ,BOSCHLTD,BOSCH LIMITED
EQ,BPCL,BHARAT PETROLEUM CORP  LT
EQ,BRITANNIA,BRITANNIA INDUSTRIES LTD
EQ,CANBK,CANARA BANK
EQ,CGPOWER,CG POWER AND IND SOL LTD
EQ,CHOLAFIN,CHOLAMANDALAM IN & FIN CO
EQ,CUMMINSIND,CUMMINS INDIA LTD
EQ,DIVISLAB,DIVI S LABORATORIES LTD
EQ,DLF,DLF LIMITED
EQ,DMART,AVENUE SUPERMARTS LIMITED
EQ,ENRIN,SIEMENS ENERGY INDIA LTD
EQ,GAIL,GAIL (INDIA) LTD
EQ,GODREJCP,GODREJ CONSUMER PRODUCTS
EQ,HAL,HINDUSTAN AERONAUTICS LTD
EQ,HDFCAMC,HDFC AMC LIMITED
EQ,HINDZINC,HINDUSTAN ZINC LIMITED
EQ,HYUNDAI,HYUNDAI MOTOR INDIA LTD
EQ,INDHOTEL,THE INDIAN HOTELS CO. LTD
EQ,IOC,INDIAN OIL CORP LTD
EQ,IRFC,INDIAN RAILWAY FIN CORP L
EQ,JINDALSTEL,JINDAL STEEL LIMITED
EQ,LODHA,LODHA DEVELOPERS LIMITED
EQ,LTM,LTM LIMITED
EQ,MAZDOCK,MAZAGON DOCK SHIPBUIL LTD
EQ,MOTHERSON,SAMVRDHNA MTHRSN INTL LTD
EQ,MUTHOOTFIN,MUTHOOT FINANCE LIMITED
EQ,PFC,POWER FIN CORP LTD.
EQ,PIDILITIND,PIDILITE INDUSTRIES LTD
EQ,PNB,PUNJAB NATIONAL BANK
EQ,RECLTD,REC LIMITED
EQ,SHREECEM,SHREE CEMENT LIMITED
EQ,SIEMENS,SIEMENS LTD
EQ,SOLARINDS,SOLAR INDUSTRIES (I) LTD
EQ,TATACAP,TATA CAPITAL LIMITED
EQ,TATAPOWER,TATA POWER CO LTD
EQ,TMCV,TATA MOTORS LIMITED
EQ,TORNTPHARM,TORRENT PHARMACEUTICALS L
EQ,TVSMOTOR,TVS MOTOR COMPANY  LTD
EQ,UNIONBANK,UNION BANK OF INDIA
EQ,UNITDSPR,UNITED SPIRITS LIMITED
EQ,VBL,VARUN BEVERAGES LIMITED
EQ,VEDL,VEDANTA LIMITED
EQ,ZYDUSLIFE,ZYDUS LIFESCIENCES LTD
 , , 
 , ,COMPULSORY ROLLING STOCKS
EQ,20MICRONS,20 MICRONS LTD
EQ,21STCENMGM,21ST CENTURY MGMT SERVICE
EQ,360ONE,360 ONE WAM LIMITED
EQ,3BBLACKBIO,3B BLACKBIO DX LTD.
EQ,3IINFOLTD,3I INFOTECH LIMITED
EQ,3MINDIA,3M INDIA LIMITED
EQ,3PLAND,3P LAND HOLDINGS LIMITED
EQ,5PAISA,5PAISA CAPITAL LIMITED
EQ,63MOONS,63 MOONS TECHNOLOGIES LTD
EQ,AAATECH,AAA TECHNOLOGIES LIMITED
EQ,AADHARHFC,AADHAR HOUSING FINANCE L
SM,AARADHYA,AARADHYA DISPOSAL INDUS L
EQ,AARNAV,AARNAV FASHIONS LIMITED
EQ,AARON,AARON INDUSTRIES LIMITED
EQ,AARTECH,AARTECH SOLONICS LIMITED
EQ,AARTIDRUGS,AARTI DRUGS LTD.
EQ,AARTIIND,AARTI INDUSTRIES LTD
EQ,AARTIPHARM,AARTI PHARMALABS LIMITED
EQ,AARTISURF,AARTI SURFACTANTS LIMITED
EQ,AARVI,AARVI ENCON LIMITED
SM,AATMAJ,AATMAJ HEALTHCARE LIMITED
EQ,AAVAS,AAVAS FINANCIERS LIMITED
EQ,ABBOTINDIA,ABBOTT INDIA LIMITED
EQ,ABCAPITAL,ADITYA BIRLA CAPITAL LTD.
EQ,ABCOTS,A B COTSPIN INDIA LIMITED
EQ,ABDL,ALLIED BLEND N DISTILS L
EQ,ABFRL,ADITYA BIRLA FASHION & RT
SM,ABHAPOWER,ABHA POWER N STEEL LTD
EQ,ABINFRA,A B INFRABUILD LIMITED
EQ,ABLBL,ADITYA BIRLA LIFES BRAN L
EQ,ABMKNO,A B M KNOWLEDGEWARE LTD.
EQ,ABREL,ADITYA BIRLA REAL EST LTD
EQ,ABSLAMC,ADIT BIRL SUN LIF AMC LTD
SM,ABSMARINE,ABS MARINE SERVICES LTD
EQ,ACC,ACC LIMITED
EQ,ACCELYA,ACCELYA SOLN INDIA LTD
SM,ACCENTMIC,ACCENT MICROCELL LIMITED
EQ,ACE,ACTION CONST EQUIP LTD
EQ,ACEINTEG,ACE INTEGRATED SOLU. LTD.
SM,ACETEC,ACETECH E-COMMERCE LTD
EQ,ACI,ARCHEAN CHEMICAL IND LTD
EQ,ACL,ANDHRA CEMENTS LIMITED
EQ,ACMESOLAR,ACME SOLAR HOLDINGS LTD
EQ,ACSTECH,A C S TECHNOLOGIES LTD.
SM,ACTIVEINFR,ACTIVE INFRASTRUCTURES L
EQ,ACUTAAS,ACUTAAS CHEMICALS LIMITED
SM,ADDICTIVE,ADDICTIVE LEARNING TECH L
EQ,ADFFOODS,ADF FOODS LIMITED
EQ,ADL,ARCHIDPLY DECOR LIMITED
EQ,ADOR,ADOR WELDING LTD
EQ,ADROITINFO,ADROIT INFOTECH LIMITED
EQ,ADSL,ALLIED DIGITAL SERV. LTD
EQ,ADVAIT,ADVAIT ENRGY TRANSITION L
EQ,ADVANCE,ADVANCE AGROLIFE LIMITED
EQ,ADVANIHOTR,ADVANI HOT.& RES.(I) LTD
EQ,ADVENTHTL,ADVENT HOTELS INTERNATI L
EQ,ADVENZYMES,ADVANCED ENZYME TECH LTD
EQ,AEGISLOG,AEGIS LOGISTICS LIMITED
EQ,AEGISVOPAK,AEGIS VOPAK TERMINALS LTD
EQ,AEQUS,AEQUS LIMITED
EQ,AEROENTER,AEROFLEX ENTERPRISES LTD
EQ,AEROFLEX,AEROFLEX INDUSTRIES LTD
SM,AERON,AERON COMPOSITE LIMITED
EQ,AERONEU,AEROFLEX NEU LIMITED
SM,AESTHETIK,AESTHETIK ENGINEERS LTD
EQ,AETHER,AETHER INDUSTRIES LIMITED
EQ,AFCONS,AFCONS INFRASTRUCTURE LTD
EQ,AFFLE,AFFLE 3I LIMITED
EQ,AFSL,ABANS FINANCIAL SRVCS LTD
EQ,AGARIND,AGARWAL INDS CORP LTD.
EQ,AGARWALEYE,DR AGARWALS HEALTH CARE L
SM,AGARWALTUF,AGARWAL TOUGH GLASS IND L
EQ,AGI,AGI GREENPAC LIMITED
EQ,AGIIL,AGI INFRA LIMITED
SM,AGNI,AGNI GREEN POWER LTD
EQ,AGRITECH,AGRI-TECH (INDIA) LIMITED
EQ,AGROPHOS,AGRO PHOS INDIA LIMITED
SM,AGUL,A G UNIVERSAL LIMITED
EQ,AHCL,ANLON HEALTHCARE LIMITED
EQ,AHLADA,AHLADA ENGINEERS LIMITED
EQ,AHLEAST,ASIAN HOTELS (EAST) LTD
EQ,AHLUCONT,AHLUWALIA CONT IND LTD
EQ,AIAENG,AIA ENGINEERING LIMITED
EQ,AIIL,AUTHUM INVEST & INFRA LTD
SM,AIMTRON,AIMTRON ELECTRONICS LTD
EQ,AIRAN,AIRAN LIMITED
EQ,AIROLAM,AIRO LAM LIMITED
SM,AISL,ANI INTEGRATED SERV LTD.
EQ,AJANTPHARM,AJANTA PHARMA LIMITED
EQ,AJAXENGG,AJAX ENGINEERING LIMITED
EQ,AJMERA,AJMERA REALTY & INF I LTD
EQ,AJOONI,AJOONI BIOTECH LIMITED
EQ,AKASH,AKASH INFRA-PROJECTS LTD
EQ,AKCAPIT,A K CAPITAL SERVICES LTD.
EQ,AKG,AKG EXIM LIMITED
EQ,AKI,AKI INDIA LIMITED
EQ,AKSHAR,AKSHAR SPINTEX LIMITED
EQ,AKSHARCHEM,AKSHARCHEM INDIA LIMITED
EQ,AKUMS,AKUMS DRUGS AND PHARMA L
EQ,ALANKIT,ALANKIT LIMITED
EQ,ALBERTDAVD,ALBERT DAVID LIMITED
EQ,ALEMBICLTD,ALEMBIC LIMITED
EQ,ALGOQUANT,ALGOQUANT FINTECH LIMITED
EQ,ALICON,ALICON CASTALLOY LIMITED
EQ,ALIVUS,ALIVUS LIFE SCIENCES LTD
EQ,ALKALI,ALKALI METALS LTD
EQ,ALKEM,ALKEM LABORATORIES LTD.
EQ,ALKYLAMINE,ALKYL AMINES CHEM. LTD
EQ,ALLCARGO,ALLCARGO LOGISTICS LTD
EQ,ALLDIGI,ALLDIGI TECH LIMITED
SM,ALLETEC,ALL E TECHNOLOGIES LTD
EQ,ALLTIME,ALL TIME PLASTICS LIMITED
EQ,ALMONDZ,ALMONDZ GLOBAL SEC LTD
EQ,ALOKINDS,ALOK INDUSTRIES LIMITED
EQ,ALPA,ALPA LABORATORIES LTD
SM,ALPEXSOLAR,ALPEX SOLAR LIMITED
EQ,ALPHAGEO,ALPHAGEO (INDIA) LIMITED
SM,ALUWIND,ALUWIND INFRA-TECH LTD
EQ,AMAGI,AMAGI MEDIA LABS LIMITED
EQ,AMANTA,AMANTA HEALTHCARE LIMITED
EQ,AMBALALSA,AMBALAL SARABHAI ENT L
EQ,AMBER,AMBER ENTERPRISES (I) LTD
EQ,AMBICAAGAR,AMBICA AGAR & AROMAINDLTD
EQ,AMBIKCO,AMBIKA COTTON MILL LTD.
SM,AMCL,ANB METAL CAST LIMITED
EQ,AMDIND,AMD INDUSTRIES LIMITED
SM,AMEYA,AMEYA PRECISION ENG LTD
EQ,AMIRCHAND,AMIR CHAND JAG KUM (E) L
EQ,AMJLAND,AMJ LAND HOLDINGS LIMITED
EQ,AMNPLST,AMINES & PLASTICIZERS LTD
EQ,AMRUTANJAN,AMRUTAJAN HEALTH LTD
EQ,ANANDRATHI,ANAND RATHI WEALTH LTD
IV,ANANTAM,ANANTAM HIGHWAYS TRUST
EQ,ANANTRAJ,ANANT RAJ LIMITED
EQ,ANDHRAPAP,ANDHRA PAPER LIMITED
EQ,ANDHRSUGAR,ANDHRA SUGARS LTD
EQ,ANGELONE,ANGEL ONE LIMITED
EQ,ANMOL,ANMOL INDIA LIMITED
SM,ANNAPURNA,ANNAPURNA SWADISHT LTD
SM,ANONDITA,ANONDITA MEDICARE LIMITED
EQ,ANTELOPUS,ANTELOPUS SELAN ENRGY LTD
EQ,ANTGRAPHIC,ANTARCTICA LTD
EQ,ANTHEM,ANTHEM BIOSCIENCES LTD
EQ,ANUHPHR,ANUH PHARMA LIMITED
EQ,ANUP,THE ANUP ENGINEERING LTD
EQ,ANURAS,ANUPAM RASAYAN INDIA LTD
SM,ANYA,ANYA POLYTECH & FERTI LTD
IV,ANZEN,ANZEN IND ENE YLD PLU TRU
EQ,APARINDS,APAR INDUSTRIES LTD.
EQ,APCL,ANJANI PORTLAND CEM LTD
EQ,APCOTEXIND,APCOTEX INDUSTRIES LIMITE
EQ,APEX,APEX FROZEN FOODS LIMITED
EQ,APLAPOLLO,APL APOLLO TUBES LTD
EQ,APLLTD,ALEMBIC PHARMA LTD
EQ,APOLLO,APOLLO MICRO SYSTEMS LTD
EQ,APOLLOPIPE,APOLLO PIPES LIMITED
EQ,APOLLOTYRE,APOLLO TYRES LTD
EQ,APOLSINHOT,APOLLO SINDOORI HOTEL LTD
SM,APRAMEYA,APRAMEYA ENGINEERING LTD
SM,APS,AUSTRALIAN PREM SOLAR I L
EQ,APTECHT,APTECH LIMITED
EQ,APTUS,APTUS VALUE HSG FIN I LTD
EQ,AQYLON,AQYLON NEXUS LIMITED
SM,ARABIAN,ARABIAN PETROLEUM LIMITED
EQ,ARCHIDPLY,ARCHIDPLY IND. LTD
EQ,ARCHIES,ARCHIES LTD
EQ,ARE&M,AMARA RAJA ENERGY MOB LTD
EQ,ARENTERP,RAJDARSHAN INDUSTRIES LTD
EQ,ARFIN,ARFIN INDIA LIMITED
SM,ARHAM,ARHAM TECHNOLOGIES LTD
EQ,ARIES,ARIES AGRO LTD.
EQ,ARIHANT,ARIHANT FOUN & HOU LTD
EQ,ARIHANTCAP,ARIHANT CAPITAL MKTS LTD
EQ,ARIHANTSUP,ARIHANT SUPERSTRUCT LTD
EQ,ARIS,ARISINFRA SOLUTIONS LTD
EQ,ARKADE,ARKADE DEVELOPERS LIMITED
EQ,ARMANFIN,ARMAN FIN SERV LTD
SM,ARMOUR,ARMOUR SECURITY (INDIA) L
EQ,AROGRANITE,ARO GRANITE IND. LTD.
EQ,ARROWGREEN,ARROW GREENTECH LIMITED
EQ,ARSSBL,ANAND RATHI SH N STK BR L
EQ,ARTEMISMED,ARTEMIS MED SERVICE LTD
SM,ARUNAYA,ARUNAYA ORGANICS LIMITED
EQ,ARVEE,ARVEE LABORATORIES I LTD
EQ,ARVIND,ARVIND LIMITED
EQ,ARVINDFASN,ARVIND FASHIONS LIMITED
EQ,ARVSMART,ARVIND SMARTSPACES LTD
EQ,ASAHIINDIA,ASAHI INDIA GLASS LIMITED
EQ,ASAHISONG,ASAHI SONGWON COLOR LTD
EQ,ASAL,AUTOMOTIVE STAMPINGS & AS
EQ,ASALCBR,ASSO ALCOHOLS & BREW LTD
EQ,ASHAPURMIN,ASHAPURA MINECHEM LTD
EQ,ASHIANA,ASHIANA HOUSING LTD
EQ,ASHIKA,ASHIKA CREDIT CAPITAL L
EQ,ASHIMASYN,ASHIMA LTD
EQ,ASHOKA,ASHOKA BUILDCON LTD
EQ,ASHOKAMET,ASHOKA METCAST LIMITED
EQ,ASHOKLEY,ASHOK LEYLAND LTD
SM,ASHWINI,ASHWINI CONTAINER MOVER L
EQ,ASIANENE,ASIAN ENERGY SERVICES LTD
EQ,ASIANHOTNR,ASIAN HOTELS (NORTH) LTD
EQ,ASIANTILES,ASIAN GRANITO IND. LTD.
EQ,ASKAUTOLTD,ASK AUTOMOTIVE LIMITED
EQ,ASMS,BARTRONICS INDIA LIMITED
EQ,ASPINWALL,ASPINWALL & CO LTD
SM,ASPIRE,ASPIRE & INNOVATIVE ADV L
EQ,ASTAR,ASIAN STAR CO. LTD.
EQ,ASTEC,ASTEC LIFESCIENCES LTD
EQ,ASTERDM,ASTER DM HEALTHCARE LTD.
EQ,ASTRAL,ASTRAL LIMITED
EQ,ASTRAMICRO,ASTRA MICROWAVE LTD
EQ,ASTRAZEN,ASTRAZENECA PHARMA IND LT
EQ,ATALREAL,ATAL REALTECH LIMITED
EQ,ATAM,ATAM VALVES LIMITED
EQ,ATGL,ADANI TOTAL GAS LIMITED
EQ,ATHERENERG,ATHER ENERGY LIMITED
EQ,ATL,ALLCARGO TERMINALS LTD
EQ,ATLANTAA,ATLANTAA LIMITED
EQ,ATLANTAELE,ATLANTA ELECTRICALS LTD
EQ,ATLASCYCLE,ATLAS CYCLE (HARYANA) LTD
E1,ATLPP,ATL RE.0.50 PPD UP
EQ,ATUL,ATUL LTD
EQ,ATULAUTO,ATUL AUTO LIMITED
EQ,AUBANK,AU SMALL FINANCE BANK LTD
EQ,AURIGROW,AURI GROW INDIA LIMITED
EQ,AURIONPRO,AURIONPRO SOLN LTD
SM,AUROIMPEX,AURO IMPEX & CHEMICALS L
EQ,AUROPHARMA,AUROBINDO PHARMA LTD
EQ,AURUM,AURUM PROPTECH LIMITED
SM,AUSL,ADITYA ULTRA STEEL LTD
EQ,AUSOMENT,AUSOM ENTERPRISE LIMITED
EQ,AUTOAXLES,AUTOMOTIVE AXLES LIMITED
EQ,AUTOIND,AUTOLINE INDUSTRIES LTD
EQ,AVAILFC,AVAILABLE FINANCE LTD.
EQ,AVALON,AVALON TECHNOLOGIES LTD
EQ,AVANTEL,AVANTEL LIMITED
EQ,AVANTIFEED,AVANTI FEEDS LIMITED
EQ,AVG,AVG LOGISTICS LIMITED
SM,AVIANSH,AVI ANSH TEXTILE LIMITED
EQ,AVL,ADITYA VISION LIMITED
EQ,AVONMORE,AVONMORE CAP&MGT SERV LTD
SM,AVPINFRA,AVP INFRACON LIMITED
EQ,AVROIND,AVRO INDIA LIMITED
EQ,AVTNPL,AVT NATURAL PRODUCTS LTD
EQ,AWFIS,AWFIS SPACE SOLUTIONS LTD
EQ,AWHCL,ANTONY WASTE HDG CELL LTD
EQ,AWL,AWL AGRI BUSINESS LIMITED
EQ,AXISCADES,AXISCADES TECH LTD
EQ,AXITA,AXITA COTTON LIMITED
EQ,AYE,AYE FINANCE LIMITED
EQ,AYMSYNTEX,AYM SYNTEX LIMITED
EQ,AZAD,AZAD ENGINEERING LIMITED
SM,BAGDIGITAL,B.A.G.CONVERGENCE LIMITED
EQ,BAGFILMS,B.A.G FILMS AND MEDIA LTD
RR,BAGMANE,BAGMANE PRIME OFFICE REIT
SM,BAHETI,BAHETI RECYCLING IND LTD
EQ,BAIDFIN,BAID FINSERV LIMITED
EQ,BAJAJCON,BAJAJ CONSUMER CARE LTD
EQ,BAJAJELEC,BAJAJ ELECT.LTD
EQ,BAJAJHCARE,BAJAJ HEALTHCARE LIMITED
EQ,BAJAJHFL,BAJAJ HOUSING FINANCE LTD
EQ,BAJAJHIND,BAJAJ HINDUSTHAN SUGAR LT
EQ,BAJAJINDEF,INDEF MANUFACTURING LTD
EQ,BAJAJST,BAJAJ STEEL INDS. LTD.
EQ,BAJEL,BAJEL PROJECTS LIMITED
EQ,BALAJEE,SHREE TIRUPATI BALAJEE L
SM,BALAJIPHOS,BALAJI PHOSPHATES LIMITED
EQ,BALAJITELE,BALAJI TELEFILMS LIMITED.
EQ,BALAMINES,BALAJI AMINES LIMITED
EQ,BALKRISHNA,BALKRISHNA PAPER MILLS L
EQ,BALKRISIND,BALKRISHNA IND. LTD
EQ,BALMLAWRIE,BALMER LAWRIE & CO LTD
EQ,BALPHARMA,BAL PHARMA LTD.
EQ,BALRAMCHIN,BALRAMPUR CHINI MILLS LTD
EQ,BALUFORGE,BALU FORGE INDUSTRIES LTD
EQ,BANARBEADS,BANARAS BEADS LTD
EQ,BANARISUG,BANNARI AMMAN SUGARS LTD
EQ,BANCOINDIA,BANCO PRODUCTS (I) LTD
EQ,BANDHANBNK,BANDHAN BANK LIMITED
EQ,BANG,BANG OVERSEAS LTD.
EQ,BANKINDIA,BANK OF INDIA
EQ,BANSALWIRE,BANSAL WIRE INDUSTRIES L
EQ,BANSWRAS,BANSWARA SYNTEX LIMITED
SM,BARFLEX,BARFLEX POLYFILMS LIMITED
EQ,BASF,BASF INDIA LTD
SM,BASILIC,BASILIC FLY STUDIO LTD
EQ,BASML,BANNARI AM SPIN MILL LTD.
EQ,BATAINDIA,BATA INDIA LTD
EQ,BATLIBOI,BATLIBOI LTD.
SM,BAWEJA,BAWEJA STUDIOS LIMITED
EQ,BAYERCROP,BAYER CROPSCIENCE LTD
EQ,BBL,BHARAT BIJLEE LTD
EQ,BBOX,BLACK BOX LIMITED
EQ,BBTC,BOMBAY BURMAH TRADING COR
EQ,BBTCL,B&B TRIPLEWALL CONT LTD
EQ,BCLIND,BCL INDUSTRIES LIMITED
EQ,BCONCEPTS,BRAND CONCEPTS LIMITED
EQ,BCPL,BCPL RAILWAY INFRA LTD
EQ,BDL,BHARAT DYNAMICS LIMITED
SM,BEACON,BEACON TRUSTEESHIP LTD
EQ,BEARDSELL,BEARDSELL LIMITED
EQ,BECTORFOOD,MRS BECTORS FOOD SPE LTD
EQ,BEEKAY,BEEKAY STEEL INDS. LTD.
EQ,BELLACASA,BELLA CASA FASH AND RET L
EQ,BELRISE,BELRISE INDUSTRIES LTD
EQ,BEML,BEML LIMITED
EQ,BENGALASM,BENGAL & ASSAM CO. LTD.
EQ,BEPL,BHANSALI ENG. POLYMERS LT
EQ,BERGEPAINT,BERGER PAINTS (I) LTD
EQ,BESTAGRO,BEST AGROLIFE LIMITED
EQ,BETA,BETA DRUGS LIMITED
SM,BEWLTD,BEW ENGINEERING LIMITED
EQ,BFINVEST,BF INVESTMENT LIMITED
EQ,BFUTILITIE,BF UTILITIES LIMITED
SM,BHADORA,BHADORA INDUSTRIES LTD
EQ,BHAGCHEM,BHAGIRADHA CHEM & INDS L
EQ,BHAGERIA,BHAGERIA INDUSTRIES LTD
EQ,BHARATCOAL,BHARAT COKING COAL LTD
EQ,BHARATFORG,BHARAT FORGE LTD
EQ,BHARATGEAR,BHARAT GEARS LTD.
EQ,BHARATRAS,BHARAT RASAYAN LTD
EQ,BHARATSE,BHARAT SEATS LIMITED
EQ,BHARATWIRE,BHARAT WIRE ROPES LTD.
EQ,BHARTIHEXA,BHARTI HEXACOM LIMITED
EQ,BHEL,BHEL
EQ,BI,BILCARE LTD.
EQ,BIGBLOC,BIGBLOC CONSTRUCTION LTD
EQ,BIKAJI,BIKAJI FOODS INTERN LTD
SM,BIKEWO,BIKEWO GREEN TECH LIMITED
EQ,BIL,BHARTIYA INTERNATIONAL
EQ,BIMETAL,BIMETAL BEARINGS LTD.
EQ,BIOCON,BIOCON LIMITED.
EQ,BIOFILCHEM,BIOFIL CHEM & PHARMA LTD
SM,BIOPOL,BIOPOL CHEMICALS LIMITED
RR,BIRET,BROOKFIELD INDIA RET
EQ,BIRLACORPN,BIRLA CORPORATION LTD
EQ,BIRLAMONEY,ADITYA BIRLA MONEY LTD
EQ,BIRLANU,BIRLANU LIMITED
EQ,BIRLAPREC,BIRLA PRECISION TECH L
EQ,BLACKBUCK,BLACKBUCK LIMITED
EQ,BLACKROSE,BLACK ROSE INDS. LTD.
EQ,BLAL,BEML LAND ASSETS LIMITED
EQ,BLIL,BALMER LAWRIE INVSTS. L
EQ,BLISSGVS,BLISS GVS PHARMA LTD
EQ,BLKASHYAP,B.L.KASHYAP & SON LTD
EQ,BLS,BLS INTL SERVS LTD
EQ,BLSE,BLS E-SERVICES LIMITED
EQ,BLUECHIP,BLUE CHIP INDIA LIMITED
EQ,BLUEDART,BLUE DART EXPRESS LTD
EQ,BLUEJET,BLUE JET HEALTHCARE LTD
EQ,BLUESTARCO,BLUE STAR LIMITED
EQ,BLUESTONE,BLUESTONE JEWEL LFSTL LTD
EQ,BLUSPRING,BLUSPRING ENTERPRISES LTD
SM,BMETRICS,BOMBAY METRICS S C LTD
EQ,BMWVENTLTD,BMW VENTURES LIMITED
EQ,BNAGROCHEM,BN AGROCHEM LTD.
EQ,BODALCHEM,BODAL CHEMICALS LTD
EQ,BOMDYEING,BOMBAY DYEING & MFG. CO L
EQ,BONLON,BONLON INDUSTRIES LIMITED
EQ,BORANA,BORANA WEAVES LIMITED
EQ,BOROLTD,BOROSIL LIMITED
EQ,BORORENEW,BOROSIL RENEWABLES LTD
EQ,BOROSCI,BOROSIL SCIENTIFIC LTD
EQ,BOSCH-HCIL,BOSCH HOME COMFRT IND LTD
EQ,BPL,BPL LTD
SM,BRACEPORT,BRACE PORT LOGISTICS LTD
EQ,BRIGADE,BRIGADE ENTER. LTD
EQ,BRIGHOTEL,BRIGADE HOTEL VENTURE LTD
EQ,BRNL,BHARAT ROAD NETWORK LTD
EQ,BSE,BSE LIMITED
EQ,BSHSL,BOMBAY SUPER HYBRID SEEDS
EQ,BSL,BSL LTD
EQ,BSOFT,BIRLASOFT LIMITED
EQ,BTML,BODHI TREE MULTIMEDIA LTD
EQ,BTTL,BHILWARA TECHNICAL TEXT L
EQ,BUILDPRO,SHANKARA BUILDPRO LIMITED
SM,BULKCORP,BULKCORP INTERNATIONAL L
EQ,BUTTERFLY,BTRFLY GANDHI APPL LTD
EQ,BVCL,BARAK VALLEY CEM. LTD.
SM,C2C,C2C ADVANCED SYSTEMS LTD
EQ,CAMLINFINE,CAMLIN FINE SCIENCES LTD
EQ,CAMPUS,CAMPUS ACTIVEWEAR LIMITED
EQ,CAMS,COMPUTER AGE MNGT SER LTD
SM,CANARYS,CANARYS AUTOMATIONS LTD
EQ,CANFINHOME,CAN FIN HOMES LTD
EQ,CANHLIFE,CANARA HSBC LIFE INS CO L
EQ,CANTABIL,CANTABIL RETAIL LTD
EQ,CAPACITE,CAPACITE INFRAPROJECT LTD
EQ,CAPILLARY,CAPILLARY TECHNO INDIA L
IV,CAPINVIT,CAPITAL INFRA TRUST
EQ,CAPITALSFB,CAPITAL SMALL FIN BANK L
EQ,CAPLIPOINT,CAPLIN POINT LAB LTD.
EQ,CARBORUNIV,CARBORUNDUM UNIVERSAL LTD
EQ,CARERATING,CARE RATINGS LIMITED
EQ,CARRARO,CARRARO INDIA LIMITED
EQ,CARTRADE,CARTRADE TECH LIMITED
EQ,CARYSIL,CARYSIL LIMITED
EQ,CASTROLIND,CASTROL INDIA LIMITED
EQ,CCAVENUE,AVENUESAI LIMITED
EQ,CCCL,CONS. CONST. CONSORT LTD
EQ,CCHHL,COUNTRY CLUB HOSP HOL LTD
EQ,CCL,CCL PRODUCTS (I) LTD
EQ,CDSL,CENTRAL DEPO SER (I) LTD
EQ,CEATLTD,CEAT LIMITED
SM,CEDAAR,CEDAAR TEXTILE LIMITED
EQ,CEIGALL,CEIGALL INDIA LIMITED
EQ,CEINSYS,CEINSYS TECH LIMITED
EQ,CELEBRITY,CELEBRITY FASHIONS LTD
EQ,CELLO,CELLO WORLD LIMITED
SM,CELLPOINT,CELL POINT (INDIA) LTD
EQ,CEMPRO,CEMINDIA PROJECTS LIMITED
EQ,CENTENKA,CENTURY ENKA LTD
EQ,CENTEXT,CENTURY EXTRUSIONS LTD
EQ,CENTRALBK,CENTRAL BANK OF INDIA
EQ,CENTRUM,CENTRUM CAPITAL LIMITED
EQ,CENTUM,CENTUM ELECTRONICS LTD
EQ,CENTURYPLY,CENTURY PLYBOARDS (I) LTD
EQ,CERA,CERA SANITARYWARE LTD
EQ,CESC,CESC LTD
EQ,CEWATER,CONCORD ENVIRO SYSTEMS L
EQ,CGCL,CAPRI GLOBAL CAPITAL LTD
SM,CGRAPHICS,CREATIVE GRAPHICS S IND L
EQ,CHALET,CHALET HOTELS LIMITED
EQ,CHAMBLFERT,CHAMBAL FERTILIZERS LTD
SM,CHAMUNDA,CHAMUNDA ELECTRICAL LTD
SM,CHANDAN,CHANDAN HEALTHCARE LTD
SM,CHAVDA,CHAVDA INFRA LIMITED
EQ,CHEMCON,CHEMCON SPECIAL CHEM LTD
EQ,CHEMFAB,CHEMFAB ALKALIS LIMITED
EQ,CHEMPLASTS,CHEMPLAST SANMAR LIMITED
EQ,CHENNPETRO,CHENNAI PETROLEUM CORP LT
EQ,CHEVIOT,CHEVIOT COMPANY LIMITED
EQ,CHOICEIN,CHOICE INTERNATIONAL LTD
EQ,CHOLAHLDNG,CHOLAMANDALAM FIN HOL LTD
EQ,CIEINDIA,CIE AUTOMOTIVE INDIA LTD
EQ,CIFL,CAPITAL INDIA FINANCE LTD
EQ,CIGNITITEC,CIGNITI TECHNOLOGIES LTD
EQ,CINELINE,CINELINE INDIA LIMITED
EQ,CINEVISTA,CINEVISTA LIMITED
IV,CITIUSINVT,CITIUS TRANSNET INV TRUST
EQ,CLEAN,CLEAN SCIENCE & TECH LTD
EQ,CLEANMAX,CLEAN MAX ENVIRO EN SOL L
EQ,CLSEL,CHAMAN LAL SETIA EXP LTD
EQ,CMPDI,CENTRAL MINE P N D INST L
EQ,CMSINFO,CMS INFO SYSTEMS LIMITED
EQ,CNL,CREATIVE NEWTECH LIMITED
EQ,COASTCORP,COASTAL CORPORATION LTD
EQ,COCHINSHIP,COCHIN SHIPYARD LIMITED
EQ,COCKERILL,JOHN COCKERILL INDIA LTD.
EQ,COFFEEDAY,COFFEE DAY ENTERPRISE LTD
EQ,COFORGE,COFORGE LIMITED
EQ,COHANCE,COHANCE LIFESCIENCES LTD
EQ,COLPAL,COLGATE PALMOLIVE LTD.
EQ,COMFINTE,COMFORT INTECH LTD.
EQ,COMPUSOFT,COMPUCOM SOFTWARE LTD
EQ,COMSYN,COMMERCIAL SYN BAGS LTD
EQ,CONCOR,CONTAINER CORP OF IND LTD
EQ,CONCORDBIO,CONCORD BIOTECH LIMITED
EQ,CONFIPET,CONFIDENCE PETRO IND LTD.
SM,CONNPLEX,CONNPLEX CINEMAS LIMITED
EQ,CONTROLPR,CONTROL PRINT LIMITED
SM,COOLCAPS,COOL CAPS INDUSTRIES LTD
EQ,CORALFINAC,CORAL INDIA FIN & HOUS LT
EQ,CORDSCABLE,CORDS CABLE INDUS LTD.
EQ,COROMANDEL,COROMANDEL INTERNTL. LTD
EQ,CORONA,CORONA REMEDIES LIMITED
EQ,COSMOFIRST,COSMO FIRST LIMITED
EQ,COUNCODOS,COUNTRY CONDO S LIMITED
EQ,CPEDU,CAREER POINT EDUTECH LTD
EQ,CPPLUS,ADITYA INFOTECH LIMITED
SM,CPS,C P S SHAPERS LIMITED
EQ,CRAFTSMAN,CRAFTSMAN AUTOMATION LTD
EQ,CRAMC,CANARA ROBECO AMC LIMITED
EQ,CREATIVEYE,CREATIVE EYE LIMITED
EQ,CREDITACC,CREDITACCESS GRAMEEN LTD
EQ,CREST,CREST VENTURES LIMITED
EQ,CRISIL,CRISIL LTD
EQ,CRIZAC,CRIZAC LIMITED
EQ,CROMPTON,CROMPT GREA CON ELEC LTD
EQ,CROWN,CROWN LIFTERS LIMITED
EQ,CSBBANK,CSB BANK LIMITED
EQ,CSLFINANCE,CSL FINANCE LIMITED
SM,CSSL,CLEAR SECURED SERVICES L
EQ,CUB,CITY UNION BANK LTD
EQ,CUBEXTUB,CUBEX TUBINGS LTD
SM,CUDML,CASH UR DRIVE MARKETING L
EQ,CUPID,CUPID LIMITED
SM,CURIS,CURIS LIFESCIENCES LTD
SM,CURRENT,CURRENT INFRAPROJECTS LTD
EQ,CYBERTECH,CYBERTECH SYSTEMS & SOFTW
EQ,CYIENT,CYIENT LIMITED
EQ,CYIENTDLM,CYIENT DLM LIMITED
EQ,DABUR,DABUR INDIA LTD
EQ,DAICHI,DAI-ICHI KARKARIA LTD.
EQ,DALBHARAT,DALMIA BHARAT LIMITED
EQ,DALMIASUG,DALMIA BHARAT SUG IN LTD
EQ,DAMCAPITAL,DAM CAPITAL ADVISORS LTD
EQ,DAMODARIND,DAMODAR INDUSTRIES LTD
EQ,DANGEE,DANGEE DUMS LIMITED
SM,DANISH,DANISH POWER LIMITED
EQ,DATAMATICS,DATAMATICS GLOBAL SER LTD
EQ,DATAPATTNS,DATA PATTERNS INDIA LTD
EQ,DAVANGERE,DAVANGERE SUGAR COMPANY L
EQ,DBCORP,D.B.CORP LTD
EQ,DBEIL,DEEPAK BUILDERS & ENG I L
EQ,DBL,DILIP BUILDCON LIMITED
EQ,DBREALTY,VALOR ESTATE LIMITED
EQ,DBSTOCKBRO,DB (INT) STOCK BROKERS
EQ,DCAL,DISHMAN CARBO AMCIS LTD
EQ,DCBBANK,DCB BANK LIMITED
SM,DCCL,DAR CREDIT & CAPITAL LTD
SM,DCG,DCG CABLES & WIRES LTD
EQ,DCM,DCM LTD
EQ,DCMNVL,DCM NOUVELLE LIMITED
EQ,DCMSHRIRAM,DCM SHRIRAM LIMITED
EQ,DCMSRIND,DCM SHRIRAM IND LTD
EQ,DCW,DCW LTD
EQ,DCXINDIA,DCX SYSTEMS LIMITED
EQ,DDEVPLSTIK,DDEV PLASTIKS IND LTD
EQ,DECCANCE,DECCAN CEMENTS LIMITED
SM,DECCANTRAN,DECCAN TRANSCON LEASING L
EQ,DECNGOLD,DECCAN GOLD MINES LTD.
EQ,DEEDEV,DEE DEVELOPMENT ENG LTD
EQ,DEEPAKFERT,DEEPAK FERTILIZERS & PETR
EQ,DEEPAKNTR,DEEPAK NITRITE LTD
EQ,DEEPINDS,DEEP INDUSTRIES LIMITED
SM,DELAPLEX,DELAPLEX LIMITED
EQ,DELHIVERY,DELHIVERY LIMITED
EQ,DELPHIFX,DELPHI WORLD MONEY LTD
EQ,DELTACORP,DELTA CORP LIMITED
EQ,DELTAMAGNT,DELTA MANUFACTURING LTD
EQ,DEN,DEN NETWORKS LTD
EQ,DENORA,DE NORA INDIA LIMITED
EQ,DENTA,DENTA WATER N INFRA SOL L
SM,DENTALKART,VASA DENTICITY LIMITED
EQ,DEVIT,DEV INFO TECHNOLOGY LTD
EQ,DEVX,DEV ACCELERATOR LIMITED
EQ,DEVYANI,DEVYANI INTERNATIONAL LTD
EQ,DGCONTENT,DIGICONTENT LIMITED
EQ,DHAMPURSUG,DHAMPUR SUGAR MILLS LTD.
EQ,DHANBANK,DHANLAXMI BANK LIMITED
SM,DHANLAXMI,DHANLAXMI CROP SCIENCE L
EQ,DHANUKA,DHANUKA AGRITECH LTD
SM,DHARARAIL,DHARA RAIL PROJECTS LTD
SM,DHARIWAL,DHARIWALCORP LIMITED
EQ,DHARMAJ,DHARMAJ CROP GUARD LTD
EQ,DHUNINV,DHUNSERI INVESTMENTS LTD
EQ,DIACABS,DIAMOND POWER INFRA LTD
EQ,DIAMINESQ,DIAMINES & CHEMICALS LTD
EQ,DIAMONDYD,PRATAAP SNACKS LIMITED
EQ,DICIND,DIC INDIA LIMITED
EQ,DIFFNKG,DIFFUSION ENGINEERS LTD
EQ,DIGIDRIVE,DIGIDRIVE DISTRIBUTORS L
SM,DIGIKORE,DIGIKORE STUDIOS LIMITED
EQ,DIGITIDE,DIGITIDE SOLUTIONS LTD
EQ,DIGJAMLMTD,DIGJAM LTD
SM,DIRL,DHANUKA INFRA REALTY LTD
EQ,DISAQ,DISA INDIA LTD.
EQ,DIVGIITTS,DIVGI TORQTRANSFER SYST L
EQ,DIXON,DIXON TECHNO (INDIA) LTD
EQ,DLINKINDIA,D-LINK INDIA LTD
EQ,DMCC,DMCC SPECIALITY CHEMICALS
EQ,DNAMEDIA,DILIGENT MEDIA CORP LTD.
EQ,DODLA,DODLA DAIRY LIMITED
EQ,DOLATALGO,DOLAT ALGOTECH LIMITED
EQ,DOLLAR,DOLLAR INDUSTRIES LIMITED
EQ,DOLPHIN,DOLPHIN OFF ENT (IND) L
EQ,DOMS,DOMS INDUSTRIES LIMITED
EQ,DONEAR,DONEAR IND. LIMITED
EQ,DPABHUSHAN,D. P. ABHUSHAN LIMITED
SM,DPEL,DIVINE POWER ENERGY LTD
EQ,DPSCLTD,DPSC LIMITED
EQ,DPWIRES,D P WIRES LIMITED
EQ,DRAGARWQ,DR. AGARWAL'S EYE HOSP L
EQ,DRCSYSTEMS,DRC SYSTEMS INDIA LIMITED
EQ,DREAMFOLKS,DREAMFOLKS SERVICES LTD
EQ,DREDGECORP,DREDGING CORP OF INDIA
EQ,DSFCL,DCM SHRIRAM FINE CHEM LTD
EQ,DSSL,DYNACONS SYS & SOLN LTD
EQ,DTIL,DHUNSERI TEA & IND. LTD.
SM,DTL,DIENSTEN TECH LIMITED
SM,DUCOL,DUCOL ORGS AND COLOURS LT
EQ,DVL,DHUNSERI VENTURES LIMITED
EQ,DWARKESH,DWARIKESH SUGAR IND LTD
EQ,DYCL,DYNAMIC CABLES LIMITED
EQ,DYNAMATECH,DYNAMATIC TECHNOLOGIES
SM,DYNAMIC,DYNAMIC SRVCS & SEC LTD
EQ,DYNPRO,DYNEMIC PRODUCTS LIMITED
EQ,EASEMYTRIP,EASY TRIP PLANNERS LTD
EQ,EBGNG,GNG ELECTRONICS LIMITED
EQ,ECLERX,ECLERX SERVICES LTD
SM,ECOLINE,ECOLINE EXIM LIMITED
EQ,ECOSMOBLTY,ECOS (INDIA) MOB & HOSP L
EQ,EDELWEISS,EDELWEISS FIN SERV LTD
SM,EEPL,EPPELTONE ENGINEERS LTD
SM,EFACTOR,E FACTOR EXPERIENCES LTD
EQ,EFCIL,EFC (I) LIMITED
SM,EFFWA,EFFWA INFRA & RESEARCH L
EQ,EIDPARRY,EID PARRY INDIA LTD
EQ,EIEL,ENVIRO INFRA ENGINEERS L
EQ,EIFFL,EURO (I) FRESH FOODS LTD
EQ,EIHAHOTELS,EIH ASSOCIATED HOTELS LTD
EQ,EIHOTEL,EIH LIMITED
EQ,EIMCOELECO,EIMCO ELECON (INDIA) LTD
EQ,EKC,EVEREST KANTO CYLINDERLTD
EQ,ELANTAS,ELANTAS BECK INDIA LTD.
EQ,ELCIDIN,ELCID INVESTMENTS LTD.
EQ,ELDEHSG,ELDECO HSG & IND LTD.
EQ,ELECON,ELECON ENG. CO. LTD
EQ,ELECTCAST,ELECTROSTEEL CASTINGS LTD
EQ,ELECTHERM,ELECTROTHERM (I) LTD.
EQ,ELGIEQUIP,ELGI EQUIPMENTS LTD
EQ,ELGIRUBCO,ELGI RUBBER CO. LTD
SM,ELGNZ,ELEGANZ INTERIORS LIMITED
EQ,ELIN,ELIN ELECTRONICS LIMITED
EQ,ELITECON,ELITECON INTERNATIONAL L
EQ,ELLEN,ELLENBARRIE INDUS GASES L
EQ,ELPROINTL,ELPRO INTERNATIONAL LTD
EQ,EMAMILTD,EMAMI LIMITED
EQ,EMAMIPAP,EMAMI PAPER MILLS LIMITED
RR,EMBASSY,EMBASSY OFFICE PARKS REIT
EQ,EMBDL,EMBASSY DEVELOPMENTS LTD
EQ,EMCURE,EMCURE PHARMACEUTICALS L
EQ,EMIL,ELECTRONICS MART IND LTD
EQ,EMKAY,EMKAY GLOBAL FIN SERV LTD
SM,EMKAYTOOLS,EMKAY TAP & CUT. TOOL LTD
EQ,EMMBI,EMMBI INDUSTRIES LIMITED
SM,EMMIL,ENERGY MISSION MACH IND L
EQ,EMMVEE,EMMVEE PHOTOVOLTAIC PWR L
EQ,EMSLIMITED,EMS LIMITED
EQ,EMUDHRA,EMUDHRA LIMITED
SM,ENCOMPAS,ENCOMPASS DESIGN INDIA L
EQ,ENDURANCE,ENDURANCE TECHNO. LTD.
EQ,ENERGYDEV,ENERGY DEVE. CO.LTD
SM,ENFUSE,ENFUSE SOLUTIONS LIMITED
EQ,ENGINERSIN,ENGINEERS INDIA LTD
EQ,ENIL,ENTERTAIN NET. IND. LTD.
EQ,ENTERO,ENTERO HEALTHCARE SOLU L
SM,ENVIRO,ENVIROTECH SYSTEMS LTD
EQ,EPACK,EPACK DURABLE LIMITED
EQ,EPACKPEB,EPACK PREFAB TECHN LTD
EQ,EPIGRAL,EPIGRAL LIMITED
EQ,EPL,EPL LIMITED
EQ,EQUITASBNK,EQUITAS SMALL FIN BNK LTD
EQ,ERIS,ERIS LIFESCIENCES LIMITED
EQ,ESABINDIA,ESAB INDIA LTD
EQ,ESAFSFB,ESAF SMALL FINANCE BANK L
EQ,ESCORTS,ESCORTS KUBOTA LIMITED
SM,ESPRIT,ESPRIT STONES LIMITED
EQ,ESSARSHPNG,ESSAR SHIPPING LTD
EQ,ESSENTIA,INTEGRA ESSENTIA LIMITED
EQ,ESTER,ESTER INDUSTRIES LTD
EQ,ETHOSLTD,ETHOS LIMITED
SM,ETML,EMERALD TYRE MANUF LTD
EQ,EUREKAFORB,EUREKA FORBES LIMITED
EQ,EUROBOND,EURO PANEL PRODUCTS LTD
EQ,EUROPRATIK,EURO PRATIK SALES LIMITED
EQ,EUROTEXIND,EUROTEX INDUSTRIES LTD
EQ,EVEREADY,EVEREADY INDS. IND.  LTD.
EQ,EVERESTIND,EVEREST INDUSTRIES LTD
EQ,EXCELINDUS,EXCEL INDUSTRIES LTD
EQ,EXCELSOFT,EXCELSOFT TECHNOLOGIES L
EQ,EXICOM,EXICOM TELE SYSTEMS LTD
EQ,EXIDEIND,EXIDE INDUSTRIES LTD
SM,EXIMROUTES,EXIM ROUTES LIMITED
EQ,EXPLEOSOL,EXPLEO SOLUTIONS LIMITED
EQ,EXXARO,EXXARO TILES LIMITED
EQ,FABTECH,FABTECH TECHNOLOGIES LTD
EQ,FACT,FACT LTD
EQ,FAIRCHEMOR,FAIRCHEM ORGANICS LIMITED
SM,FALCONTECH,FALCON TECHNOPROJ IND LTD
EQ,FCL,FINEOTEX CHEMICAL LIMITED
EQ,FDC,FDC LIMITED
EQ,FEDDERSHOL,FEDDERS HOLDING LTD.
EQ,FEDERALBNK,FEDERAL BANK LTD
EQ,FEDFINA,FEDBANK FINANCIAL SER L
SM,FELIX,FELIX INDUSTRIES LTD.
EQ,FERMENTA,FERMENTA BIOTECH LTD.
SM,FIDEL,FIDEL SOFTECH LIMITED
EQ,FIEMIND,FIEM INDUSTRIES LIMITED
EQ,FILATEX,FILATEX INDIA LTD
SM,FINBUD,FINBUD FINANCIAL SERV LTD
EQ,FINCABLES,FINOLEX CABLES LTD
EQ,FINEORG,FINE ORGANIC IND. LTD.
EQ,FINKURVE,FINKURVE FINANCIAL SERV L
EQ,FINOPB,FINO PAYMENTS BANK LTD
EQ,FINPIPE,FINOLEX INDUSTRIES LTD
EQ,FIRSTCRY,BRAINBEES SOLUTIONS LTD
EQ,FISCHER,FISCHER MEDICAL VENTURE L
EQ,FIVESTAR,FIVE-STAR BUS FIN LTD
EQ,FLAIR,FLAIR WRITING INDUST LTD
EQ,FLEXITUFF,FLEXITUFF VENTURES INT L
EQ,FLUOROCHEM,GUJARAT FLUOROCHEM LTD
SM,FLYSBS,FLYSBS AVIATION LIMITED
EQ,FMGOETZE,FEDERAL-MOGUL GOETZE (IND
EQ,FMNL,FUTURE MKT NETWORKS LTD
SM,FOCE,FOCE INDIA LIMITED
EQ,FOCUS,FOCUS LIGHTG & FIXTRS LTD
EQ,FOODSIN,FOODS & INNS LIMITED
SM,FORCAS,FORCAS STUDIO LIMITED
EQ,FORCEMOT,FORCE MOTORS LIMITED
SM,FORGEAUTO,FORGE AUTO INTERNATION L
EQ,FORTIS,FORTIS HEALTHCARE LTD
EQ,FOSECOIND,FOSECO INDIA LTD
EQ,FRACTAL,FRACTAL ANALYTICS LIMITED
EQ,FRONTSP,FRONTIER SPRINGS LTD.
EQ,FSL,FIRSTSOURCE SOLU. LTD.
EQ,FUSION,FUSION FINANCE LIMITED
EQ,GABRIEL,GABRIEL INDIA LTD
EQ,GAEL,GUJARAT AMBUJA EXPORTS LT
SM,GAJANAND,GAJANAND INTERNATIONAL L
EQ,GALAPREC,GALA PRECISION ENG LTD
EQ,GALAXYSURF,GALAXY SURFACTANTS LTD
EQ,GALLANTT,GALLANTT ISPAT LIMITED
EQ,GANDHAR,GANDHAR OIL REFINE IND L
EQ,GANDHITUBE,GANDHI SPL. TUBES LTD
EQ,GANECOS,GANESHA ECOSPHERE LIMITED
EQ,GANESHBE,GANESH BENZOPLAST LIMITED
EQ,GANESHCP,GANESH CONSUMER PRODUCT L
EQ,GANESHHOU,GANESH HOUSING LIMITED
EQ,GANGAFORGE,GANGA FORGING LIMITED
EQ,GANGESSECU,GANGES SECURITIES LIMITED
EQ,GARFIBRES,GARWARE TECH FIBRES LTD
EQ,GARUDA,GARUDA CONSTRUCT N ENG L
EQ,GATECH,GACM TECHNOLOGIES LIMITED
EQ,GATECHDVR,GACM TECHNOLOGIES LIMITED
EQ,GATEWAY,GATEWAY DISTRIPARKS LTD
EQ,GAYAHWS,GAYATRI HIGHWAYS LIMITED
SM,GCHOTELS,GRAND CONTINENT HOTELS L
EQ,GCSL,GRETEX CORPORATE SERVICES
EQ,GEECEE,GEECEE VENTURES LIMITED
EQ,GEEKAYWIRE,GEEKAY WIRES LIMITED
EQ,GENCON,GENERIC ENG CONS PROJ LTD
EQ,GENESYS,GENESYS INTL CORPN LTD
EQ,GENUSPAPER,GENUS P&B LIMITED
EQ,GENUSPOWER,GENUS POWER INFRASTRU LTD
EQ,GEOJITFSL,GEOJIT FINANCIAL SER L
EQ,GESHIP,THE GE SHPG.LTD
EQ,GFLLIMITED,GFL LIMITED
SM,GGBL,GANESH GREEN BHARAT LTD
EQ,GHCL,GHCL LIMITED
EQ,GHCLTEXTIL,GHCL TEXTILES LIMITED
EQ,GICHSGFIN,GIC HOUSING FINANCE LTD
EQ,GICL,GLOBE INTL CARRIERS LTD
EQ,GICRE,GENERAL INS CORP OF INDIA
EQ,GILLANDERS,GILLANDERS ARBUTHNOT LTD
EQ,GILLETTE,GILLETTE INDIA LTD
EQ,GINNIFILA,GINNI FILAMENTS LTD
EQ,GIPCL,GUJ IND POW CO. LTD
EQ,GKENERGY,GK ENERGY LIMITED
EQ,GKSL,GUJARAT KIDNEY N SUP SP L
EQ,GKWLIMITED,GKW LIMITED
EQ,GLAND,GLAND PHARMA LIMITED
EQ,GLAXO,GLAXOSMITHKLINE PHARMA LT
EQ,GLENMARK,GLENMARK PHARMACEUTICALS
EQ,GLOBAL,GLOBAL EDUCATION LIMITED
SM,GLOBALPET,GLOBAL PET INDUSTRIES LTD
EQ,GLOBALVECT,GLOBAL VEC HELICORP LTD
EQ,GLOBE,GLOBE ENTERPRISE (I) LTD
EQ,GLOBUSSPR,GLOBUS SPIRITS LTD
EQ,GLOSTERLTD,GLOSTER LIMITED
EQ,GLOTTIS,GLOTTIS LIMITED
EQ,GMBREW,G M BREWERIES LTD
EQ,GMDCLTD,GUJARAT MINERAL DEV CORP
SM,GML,GALAXY MEDICARE LIMITED
EQ,GMMPFAUDLR,GMM PFAUDLER LIMITED
EQ,GMRAIRPORT,GMR AIRPORTS LIMITED
EQ,GMRP&UI,GMR POW AND URBAN INFRA L
EQ,GNA,GNA AXLES LIMITED
EQ,GNFC,GUJ NAR VAL FER & CHEM L
EQ,GNRL,GUJARAT NATURAL RES L
EQ,GOACARBON,GOA CARBON LIMITED
EQ,GOCLCORP,GOCL CORPORATION LIMITED
EQ,GOCOLORS,GO FASHION INDIA LTD
EQ,GODAVARIB,GODAVARI BIOREFINERIES L
EQ,GODFRYPHLP,GODFREY PHILLIPS INDIA LT
EQ,GODIGIT,GO DIGIT GENERAL INS LTD
EQ,GODREJAGRO,GODREJ AGROVET LIMITED
EQ,GODREJIND,GODREJ INDUSTRIES LTD
EQ,GODREJPROP,GODREJ PROPERTIES LTD
EQ,GOKEX,GOKALDAS EXPORTS LTD.
EQ,GOKUL,GOKUL REFOILS & SOLV LTD
EQ,GOKULAGRO,GOKUL AGRO RESOURCES LTD
EQ,GOLDIAM,GOLDIAM INTERNATIONAL LTD
EQ,GOLDTECH,AION-TECH SOLUTIONS LTD
EQ,GOODLUCK,GOODLUCK INDIA LIMITED
EQ,GOODYEAR,GOODYEAR INDIA LIMITED
EQ,GOPAL,GOPAL SNACKS LIMITED
EQ,GOYALALUM,GOYAL ALUMINIUMS LIMITED
SM,GOYALSALT,GOYAL SALT LIMITED
SM,GPECO,GP ECO SOLUTIONS INDIA L
EQ,GPIL,GODAWARI POW & ISP LTD
EQ,GPPL,GUJARAT PIPAVAV PORT LTD
EQ,GPTHEALTH,GPT HEALTHCARE LIMITED
EQ,GPTINFRA,GPT INFRAPROJECTS LTD
EQ,GRANDOAK,GRAND OAK CANYONS DIST L
EQ,GRANULES,GRANULES INDIA LIMITED
EQ,GRAPHITE,GRAPHITE INDIA LTD
EQ,GRAUWEIL,GRAUER & WEIL IND LTD
EQ,GRAVISSHO,GRAVISS HOSPITALITY LTD.
EQ,GRAVITA,GRAVITA INDIA LIMITED
SM,GRCL,GAYATRI RUBB AND CHEM LTD
EQ,GREAVESCOT,GREAVES COTTON LTD.
SM,GREENCHEF,GREENCHEF APPLIANCES LTD
EQ,GREENLAM,GREENLAM INDUSTRIES LTD.
SM,GREENLEAF,GREENLEAF ENVIROTECH LTD
EQ,GREENPANEL,GREENPANEL INDUSTRIES LTD
EQ,GREENPLY,GREENPLY INDUSTRIES LTD
EQ,GREENPOWER,ORIENT GREEN POWER CO LTD
EQ,GRINDWELL,GRINDWELL NORTON LIMITED
EQ,GRINFRA,G R INFRAPROJECTS LIMITED
EQ,GRMOVER,GRM OVERSEAS LIMITED
EQ,GROBTEA,THE GROB TEA COMPANY LTD
EQ,GROWW,BILLIONBRAINS GARAGE VN L
EQ,GRPLTD,GRP LIMITED
EQ,GRSE,GARDEN REACH SHIP&ENG LTD
EQ,GRWRHITECH,GARWARE HI-TECH FILMS LTD
EQ,GSFC,GUJ STATE FERT & CHEM LTD
EQ,GSLSU,GLOBAL SURFACES LIMITED
SM,GSMFOILS,GSM FOILS LIMITED
EQ,GSPCROP,GSP CROP SCIENCE LIMITED
EQ,GTECJAINX,G-TEC JAINX EDUCATION LTD
EQ,GTLINFRA,GTL INFRA.LTD
EQ,GTPL,GTPL HATHWAY LIMITED
EQ,GUFICBIO,GUFIC BIOSCIENCES LTD.
EQ,GUJALKALI,GUJARAT ALKALIES & CHEM
EQ,GUJAPOLLO,GUJ. APOLLO IND. LTD.
EQ,GUJGASLTD,GUJARAT GAS LIMITED
EQ,GUJRAFFIA,GUJARAT RAFFIA INDUST LTD
EQ,GUJTHEM,GUJARAT THEMIS BIOSYN LTD
EQ,GULFOILLUB,GULF OIL LUB. IND. LTD.
EQ,GULFPETRO,GP PETROLEUMS LIMITED
EQ,GULPOLY,GULSHAN POLYOLS LIMITED
EQ,GVPTECH,GVP INFOTECH LIMITED
E1,GVPTECHPP,GVPTECH RE.1 PPD UP
EQ,GVT&D,GE VERNOVA T&D INDIA LTD
EQ,HALDER,HALDER VENTURE LIMITED
EQ,HALDYNGL,HALDYN GLASS LTD.
EQ,HALEOSLABS,HALEOS LABS LIMITED
EQ,HAPPSTMNDS,HAPPIEST MINDS TECHNO LTD
EQ,HAPPYFORGE,HAPPY FORGINGS LIMITED
EQ,HARDWYN,HARDWYN INDIA LIMITED
EQ,HARIOMPIPE,HARIOM PIPE INDUSTRIES L
EQ,HARRMALAYA,HARRISON MALAYALAM LTD
EQ,HARSHA,HARSHA ENGINEERS INT LTD
EQ,HATHWAY,HATHWAY CABLE & DATACOM
EQ,HATSUN,HATSUN AGRO PRODUCT LTD.
EQ,HAVELLS,HAVELLS INDIA LIMITED
EQ,HAWKINCOOK,HAWKINS COOKERS LTD
EQ,HBESD,H B ESTATE DEVELOPERS L
EQ,HBLENGINE,HBL ENGINEERING LTD
EQ,HCC,HINDUSTAN CONSTRUCTION CO
EQ,HCG,HEALTHCARE GLOB. ENT. LTD
EQ,HCL-INSYS,HCL INFOSYSTEMS LTD
EQ,HDBFS,HDB FINANCIAL SERVICES L
EQ,HEADSUP,HEADS UP VENTURES LIMITED
EQ,HEALTHX,HEALTH X PLATFORM LIMITED
EQ,HECPROJECT,HEC INFRA PROJECTS LTD
EQ,HEG,HEG LTD
EQ,HEIDELBERG,HEIDELBERGCEMENT (I) LTD
EQ,HEMIPROP,HEMISPHERE PROP IND LTD
EQ,HERANBA,HERANBA INDUSTRIES LTD
EQ,HERITGFOOD,HERITAGE FOODS LTD
EQ,HEROMOTOCO,HERO MOTOCORP LIMITED
EQ,HESTERBIO,HESTER BIOSCIENCES LTD
EQ,HEXATRADEX,HEXA TRADEX LIMITED
EQ,HEXT,HEXAWARE TECHNOLOGIES LTD
EQ,HFCL,HFCL LIMITED
EQ,HGINFRA,H.G.INFRA ENGINEERING LTD
EQ,HGM,HANDSON GBL MNGMNT LTD
EQ,HGS,HINDUJA GLOBAL SOLS. LTD.
SM,HIGREEN,HI GREEN CARBON LIMITED
EQ,HIKAL,HIKAL LIMITED
EQ,HILTON,HILTON METAL FORGING LTD
EQ,HIMATSEIDE,HIMATSINGKA SEIDE LTD
EQ,HINDCOMPOS,HINDUSTAN COMPOSITES LTD.
EQ,HINDCOPPER,HINDUSTAN COPPER LTD
EQ,HINDOILEXP,HINDUSTAN OIL EXPLORATION
EQ,HINDPETRO,HINDUSTAN PETROLEUM CORP
EQ,HINDWAREAP,HINDWARE HME INOVATON LTD
EQ,HIRECT,HIND RECTIFIER LIMITED
EQ,HISARMETAL,HISAR METAL IND. LIMITED
EQ,HITECH,HI-TECH PIPES LIMITED
EQ,HITECHCORP,HITECH CORPORATION LTD
EQ,HLEGLAS,HLE GLASCOAT LIMITED
EQ,HLVLTD,HLV LIMITED
EQ,HMAAGRO,HMA AGRO INDUSTRIES LTD
EQ,HMVL,HINDUSTAN MEDIA VENT LTD
EQ,HNDFDS,HINDUSTAN FOODS LIMITED
SM,HOACFOODS,HOAC FOODS INDIA LIMITED
SM,HOLMARC,HOLMARC OPTO MECHATRO L
EQ,HOMEFIRST,HOME FIRST FIN CO IND LTD
SM,HOMESFY,HOMESFY REALTY LIMITED
EQ,HONASA,HONASA CONSUMER LIMITED
EQ,HONAUT,HONEYWELL AUTOMATION IND
EQ,HONDAPOWER,HONDA I POWER PRODUCT LTD
EQ,HPAL,HP ADHESIVES LIMITED
EQ,HPIL,HINDPRAKASH INDUSTRY LTD
EQ,HPL,HPL ELECTRIC & POWER LTD
SM,HRHNEXT,HRH NEXT SERVICES LIMITED
EQ,HSCL,HIMADRI SPECIALITY CHEM L
EQ,HTMEDIA,HT MEDIA LIMITED
EQ,HUBTOWN,HUBTOWN LIMITED
EQ,HUDCO,HSG & URBAN DEV CORPN LTD
EQ,HUHTAMAKI,HUHTAMAKI INDIA LIMITED
SM,HVAX,HVAX TECHNOLOGIES LIMITED
EQ,HYBRIDFIN,HYBRID FINANCIAL SERVICE
SM,IBLFL,IBL FINANCE LIMITED
EQ,IBULLSLTD,INDIABULLS LIMITED
EQ,ICEMAKE,ICE MAKE REFRIGERAT LTD
EQ,ICICIAMC,ICICI PRUDENTIAL AMC LTD
EQ,ICICIGI,ICICI LOMBARD GIC LIMITED
EQ,ICICIPRULI,ICICI PRU LIFE INS CO LTD
EQ,ICIL,INDO COUNT INDUSTRIES LTD
EQ,ICRA,ICRA LIMITED
EQ,IDBI,IDBI BANK LIMITED
EQ,IDEA,VODAFONE IDEA LIMITED
EQ,IDEAFORGE,IDEAFORGE TECHNO LTD
EQ,IDFCFIRSTB,IDFC FIRST BANK LIMITED
SM,IEML,INDIAN EMULSIFIERS LTD
EQ,IEX,INDIAN ENERGY EXC LTD
EQ,IFBAGRO,IFB AGRO INDUSTRIES LTD
EQ,IFBIND,IFB INDUSTRIES LTD
EQ,IFCI,IFCI LTD
EQ,IFGLEXPOR,IFGL REFRACTORIES LIMITED
EQ,IGARASHI,IGARASHI MOTORS INDIA LTD
EQ,IGCL,INDOGULF CROPSCIENCES LTD
EQ,IGIL,INTL GEMOLOGICAL INST LTD
EQ,IGL,INDRAPRASTHA GAS LTD
EQ,IGPL,I G PETROCHEMICALS LTD
EQ,IIFL,IIFL FINANCE LIMITED
EQ,IIFLCAPS,IIFL CAPITAL SERVICES LTD
EQ,IITL,INDUSTRIAL INV TRUST LTD
EQ,IKIO,IKIO TECHNOLOGIES LIMITED
EQ,IKS,INVENTURUS KNOWLEDGE SO L
EQ,IMAGICAA,IMAGICAAWORLD ENT LTD
EQ,IMFA,INDIAN METALS & FERRO
EQ,IMPAL,IND MOTOR PART & ACC LTD
EQ,INA,INSOLATION ENERGY LIMITED
EQ,INCREDIBLE,INCREDIBLE INDUSTRIES LTD
EQ,INDBANK,INDBANK MERCH BANK
EQ,INDGN,INDEGENE LIMITED
EQ,INDIACEM,THE INDIA CEMENTS LIMITED
EQ,INDIAGLYCO,INDIA GLYCOLS LTD
EQ,INDIAMART,INDIAMART INTERMESH LTD
EQ,INDIANB,INDIAN BANK
EQ,INDIANCARD,INDIAN CARD CLOTHING CO.
EQ,INDIANHUME,INDIAN HUME PIPE CO. LTD.
EQ,INDIASHLTR,INDIA SHELTER FIN CORP L
SM,INDIFRA,INDIFRA LIMITED
EQ,INDIGOPNTS,INDIGO PAINTS LIMITED
IV,INDIGRID,INDIGRID INFRASTRUCT TRST
EQ,INDIQUBE,INDIQUBE SPACES LIMITED
EQ,INDNIPPON,INDIA NIPPON ELECT  LTD
EQ,INDOAMIN,INDO AMINES LIMITED
EQ,INDOBORAX,INDO BORAX & CHEMICAL LTD
EQ,INDOCO,INDOCO REMEDIES LTD.
EQ,INDOFARM,INDO FARM EQUIPMENT LTD
EQ,INDORAMA,INDO RAMA SYNTHETICS LTD
EQ,INDOSTAR,INDOSTAR CAPITAL FIN LTD
EQ,INDOTECH,INDO TECH TRANSFORM LTD.
EQ,INDOTHAI,INDO THAI SEC LTD
EQ,INDOUS,INDO US BIOTECH LTD
EQ,INDPRUD,INDUSTRIAL & PRU INV CO L
EQ,INDRAMEDCO,INDRAPRASTHA MEDICAL CORP
EQ,INDSWFTLAB,IND SWIFT LABORATORIES LT
EQ,INDTERRAIN,IND TERRAIN FASHIONS LTD
EQ,INDUSINDBK,INDUSIND BANK LIMITED
IV,INDUSINVIT,INDUS INFRA TRUST
EQ,INDUSTOWER,INDUS TOWERS LIMITED
SM,INFINIUM,INFINIUM PHARMACHEM LTD
SM,INFLUX,INFLUX HEALTHTECH LIMITED
EQ,INFOBEAN,INFOBEANS TECHNO. LTD.
SM,INFOLLION,INFOLLION RESEARCH SER L
EQ,INFOMEDIA,INFOMEDIA PRESS LIMITED
EQ,INGERRAND,INGERSOLL-RAND INDIA LTD
EQ,INNOVACAP,INNOVA CAPTAB LIMITED
EQ,INNOVANA,INNOVANA THINKLABS LTD
EQ,INNOVISION,INNOVISION LIMITED
EQ,INOXGREEN,INOX GREEN ENERGY SER LTD
EQ,INOXINDIA,INOX INDIA LIMITED
EQ,INOXWIND,INOX WIND LIMITED
EQ,INSECTICID,INSECTICIDES (I) LTD
EQ,INTELLECT,INTELLECT DESIGN ARENA
EQ,INTENTECH,INTENSE TECHNOLOGIES LTD
EQ,INTERARCH,INTERARCH BLDNG SOLTN LTD
EQ,INTLCONV,INTL CONVEYORS LIMITED
EQ,INVENTURE,INVENTURE GRO & SEC LTD
EQ,INVPRECQ,INVESTMENT & PREC CAST L
EQ,IOB,INDIAN OVERSEAS BANK
EQ,IOLCP,IOL CHEM AND PHARMA LTD
EQ,IONEXCHANG,ION EXCHANGE (INDIA) LTD
EQ,IPCALAB,IPCA LABORATORIES LTD
SM,IPHL,INDIAN PHOSPHATE LIMITED
EQ,IPL,INDIA PESTICIDES LIMITED
EQ,IRB,IRB INFRA DEV LTD.
IV,IRBINVIT,IRB INVIT FUND
EQ,IRCON,IRCON INTERNATIONAL LTD
EQ,IRCTC,INDIAN RAIL TOUR CORP LTD
EQ,IREDA,INDIAN RENEWABLE ENERGY
EQ,IRIS,IRIS REGTECH SOLUTION LTD
EQ,IRISDOREME,IRIS CLOTHINGS LIMITED
EQ,IRMENERGY,IRM ENERGY LIMITED
EQ,ISFT,INTRASOFT TECH. LTD
EQ,ISGEC,ISGEC HEAVY ENG LTD
EQ,ISHANCH,ISHAN DYES N CHEMICALS L
EQ,ITCHOTELS,ITC HOTELS LIMITED
EQ,ITDC,INDIA TOUR. DEV. CO. LTD.
EQ,ITI,ITI LTD
EQ,IVALUE,IVALUE INFOSOLUTIONS LTD
EQ,IVC,IL&FS INVESTMENT MANAGERS
EQ,IVP,IVP LTD
EQ,IWP,INDIAN WOOD PRODUCTS CO L
EQ,IXIGO,LE TRAVENUES TECHNOLOGY L
EQ,J&KBANK,J & K BANK LTD.
EQ,JAGRAN,JAGRAN PRAKASHAN LIMITED
EQ,JAGSNPHARM,JAGSONPAL PHARMACEUTICALS
EQ,JAIBALAJI,JAI BALAJI INDUSTRIES LTD
EQ,JAICORPLTD,JAI CORP LIMITED
SM,JAINAM,JAINAM FER ALLOYS (I) LTD
SM,JAINIK,JAINIK POWER CABLES LTD
EQ,JAINREC,JAIN RESOURCE RECYCLING L
EQ,JAIPURKURT,NANDANI CREATION LIMITED
SM,JALAN,JALAN TRANSOLU. INDIA LTD
EQ,JAMNAAUTO,JAMNA AUTO IND LTD
EQ,JARO,JARO INS OF TEC MG N RE L
EQ,JASH,JASH ENGINEERING LIMITED
EQ,JAYAGROGN,JAYANT AGRO ORGANICS LTD
EQ,JAYBARMARU,JAY BHARAT MARUTI LTD
EQ,JAYKAY,JAYKAY ENTERPRISES LTD
EQ,JAYNECOIND,JAYASWAL NECO INDUSTR LTD
EQ,JAYSREETEA,JAYSHREE TEA & INDUSTRIES
EQ,JBCHEPHARM,J B CHEMICALS AND PHARMA
EQ,JBMA,JBM AUTO LIMITED
EQ,JETFREIGHT,JET FREIGHT LOGISTICS LTD
SM,JEYYAM,JEYYAM GLOBAL FOODS LTD
SM,JFLLIFE,JFL LIFE SCIENCES LIMITED
EQ,JGCHEM,J.G.CHEMICALS LIMITED
EQ,JINDALPHOT,JINDAL PHOTO LIMITED
EQ,JINDALPOLY,JINDAL POLY FILMS LIMITED
EQ,JINDALSAW,JINDAL SAW LIMITED
EQ,JINDRILL,JINDAL DRILLING IND. LTD
EQ,JINDWORLD,JINDAL WORLDWIDE LTD
EQ,JISLDVREQS,JAIN DVR EQUITY SHARES
EQ,JISLJALEQS,JAIN IRRIGATION SYSTEMS
SM,JIWANRAM,JIWANRAM SHEODUTTRA IND L
EQ,JKCEMENT,JK CEMENT LIMITED
EQ,JKIL,JKUMAR INFR.LTD.
EQ,JKLAKSHMI,JK LAKSHMI CEMENT LTD
EQ,JKPAPER,JK PAPER LIMITED
EQ,JKTYRE,JK TYRE & INDUSTRIES LTD
EQ,JLHL,JUPITER LIFE LINE HOSP L
EQ,JMA,JULLUNDUR MOT AGENCY LTD
EQ,JMFINANCIL,JM FINANCIAL LIMITED
EQ,JNKINDIA,JNK INDIA LIMITED
EQ,JOCIL,JOCIL LIMITED
EQ,JPOLYINVST,JIND POL INV & FIN CO LTD
EQ,JPPOWER,JAIPRAKASH POWER VEN. LTD
EQ,JSFB,JANA SMALL FIN BANK LTD
EQ,JSL,JINDAL STAINLESS LIMITED
EQ,JSLL,JEENA SIKHO LIFECARE LTD
EQ,JSWCEMENT,JSW CEMENT LIMITED
EQ,JSWDULUX,JSW DULUX LIMITED
EQ,JSWENERGY,JSW ENERGY LIMITED
EQ,JSWHL,JSW HOLDINGS LIMITED
EQ,JSWINFRA,JSW INFRASTRUCTURE LTD
EQ,JTEKTINDIA,JTEKT INDIA LIMITED
EQ,JTLIND,JTL INDUSTRIES LIMITED
EQ,JUBLCPL,JUBILANT AGRI N CON PRO L
EQ,JUBLFOOD,JUBILANT FOODWORKS LTD
EQ,JUBLINGREA,JUBILANT INGREVIA LIMITED
EQ,JUBLPHARMA,JUBILANT PHARMOVA LTD
EQ,JUNIPER,JUNIPER HOTELS LIMITED
EQ,JUSTDIAL,JUSTDIAL LTD.
EQ,JWL,JUPITER WAGONS LIMITED
EQ,JYOTHYLAB,JYOTHY LABS LIMITED
EQ,JYOTICNC,JYOTI CNC AUTOMATION LTD
EQ,JYOTISTRUC,JYOTI STRUCTURES LTD
SM,K2INFRA,K2 INFRAGEN LIMITED
EQ,KABRAEXTRU,KABRA EXTRUSION TECHNIK L
EQ,KAJARIACER,KAJARIA CERAMICS LTD
EQ,KALAMANDIR,SAI SILKS (KALAMANDIR) L
EQ,KALPATARU,KALPATARU LIMITED
EQ,KALYANIFRG,KALYANI FORGE LIMITED
EQ,KALYANKJIL,KALYAN JEWELLERS IND LTD
EQ,KAMAHOLD,KAMA HOLDINGS LTD.
EQ,KAMATHOTEL,KAMAT HOTELS (I) LTD
EQ,KAMDHENU,KAMDHENU LIMITED
EQ,KANANIIND,KANANI INDUSTRIES LTD
SM,KANDARP,KANDARP DG SMART BPO LTD
EQ,KANORICHEM,KANORIA CHEMICALS & INDUS
EQ,KANPRPLA,KANPUR PLASTIPACK LIMITED
EQ,KANSAINER,KANSAI NEROLAC PAINTS LTD
EQ,KAPSTON,KAPSTON SERVICES LIMITED
EQ,KARMAENG,KARMA ENERGY LIMITED
SM,KARNIKA,KARNIKA INDUSTRIES LTD
EQ,KARURVYSYA,KARUR VYSYA BANK LTD
SM,KATARIA,KATARIA INDUSTRIES LTD
EQ,KAUSHALYA,KAUSHALYA INFRA DEV LTD.
EQ,KAYA,KAYA LIMITED
EQ,KAYNES,KAYNES TECHNOLOGY IND LTD
SM,KAYTEX,KAYTEX FABRICS LIMITED
SM,KCK,KCK INDUSTRIES LTD
EQ,KCP,KCP LTD
EQ,KCPSUGIND,KCP SUGAR IND CORP LTD.
EQ,KDDL,KDDL LIMITED
SM,KDL,KORE DIGITAL LIMITED
EQ,KEC,KEC INTL. LIMITED
EQ,KEEPLEARN,DSJ KEEP LEARNING LTD
EQ,KEI,KEI INDUSTRIES LTD.
SM,KEL,KUNDAN EDIFICE LIMITED
EQ,KELLTONTEC,KELLTON TECH SOL LTD
SM,KEN,KEN ENTERPRISES LIMITED
EQ,KENNAMET,KENNAMETAL INDIA LIMITED
EQ,KERNEX,KERNEX MICROSYS(I) LTD
EQ,KESORAMIND,KESORAM INDUSTRIES LTD
EQ,KEYFINSERV,KEYNOTE FIN SERV LTD.
EQ,KFINTECH,KFIN TECHNOLOGIES LIMITED
EQ,KHADIM,KHADIM INDIA LIMITED
EQ,KHANDSE,KHANDWALA SECURITIES LTD
EQ,KICL,KALYANI INVEST CO LTD
EQ,KILITCH,KILITCH DRUGS INDIA LTD
EQ,KIMS,KRISHNA INST OF MED SCI L
EQ,KINGFA,KINGFA SCI & TEC IND LTD.
EQ,KIOCL,KIOCL LIMITED
EQ,KIRANVYPAR,KIRAN VYAPAR LTD.
EQ,KIRIINDUS,KIRI INDUSTRIES LIMITED
EQ,KIRLFER,KIRLOSKAR FERROUS IND LTD
EQ,KIRLOSBROS,KIRLOSKAR BROTHERS LTD
EQ,KIRLOSENG,KIRLOSKAR OIL ENG LTD
EQ,KIRLOSIND,KIRLOSKAR INDUSTRIES LTD
EQ,KIRLPNU,KIRLOSKAR PNEUMATIC COM L
EQ,KISSHT,ONEMI TECHNOLOGY SOL LTD
EQ,KITEX,KITEX GARMENTS LTD
EQ,KKCL,KEWAL KIRAN CLOTHING LTD
SM,KKJEWELS,KABRA JEWELS LIMITED
EQ,KLBRENG-B,KILBURN ENGINEERING LTD.
SM,KLL,KAUSHALYA LOGISTICS LTD
EQ,KMEW,KNOWLEDGE MARINE & EN W L
EQ,KMSUGAR,K M SUGAR MILLS LTD
EQ,KNAGRI,KN AGRI RESOURCES LIMITED
EQ,KNRCON,KNR CONSTRU LTD.
EQ,KOHINOOR,KOHINOOR FOODS LIMITED
EQ,KOKUYOCMLN,KOKUYO CAMLIN LIMITED
EQ,KOLTEPATIL,KOLTE PATIL DEV. LTD.
EQ,KOPRAN,KOPRAN LTD
EQ,KOTARISUG,KOTHARI SUG & CHEM LTD.
EQ,KOTHARIPET,KOTHARI PETROCHEM LTD
EQ,KOTHARIPRO,KOTHARI PRODUCTS LTD
EQ,KOTIC,KOTHARI INDUSTRIAL CORP L
EQ,KOTYARK,KOTYARK INDUSTRIES LTD
EQ,KOVAI,KOVAI MEDICAL CENTER & HO
EQ,KPEL,K.P. ENERGY LIMITED
EQ,KPIGREEN,KPI GREEN ENERGY LIMITED
EQ,KPIL,KALPATARU PROJECT INT LTD
EQ,KPITTECH,KPIT TECHNOLOGIES LIMITED
EQ,KPL,KWALITY PHARMACEUTICALS L
EQ,KPRMILL,KPR MILL LTD.
EQ,KRBL,KRBL LIMITED
EQ,KRIDHANINF,KRIDHAN INFRA LIMITED
EQ,KRISHANA,KRISHANA PHOSCHEM LIMITED
SM,KRISHCA,KRISHCA STRAPPING SLTN L
EQ,KRISHIVAL,KRISHIVAL FOODS LIMITED
EQ,KRISHNADEF,KRISHNA DEF AND ALD IND L
EQ,KRITIKA,KRITIKA WIRES LIMITED
EQ,KRN,KRN HEAT EXCHANGE N REF L
EQ,KRONOX,KRONOX LAB SCIENCES LTD
EQ,KROSS,KROSS LIMITED
EQ,KRSNAA,KRSNAA DIAGNOSTICS LTD
RR,KRT,KNOWLEDGE REALTY TRUST
EQ,KRYSTAL,KRYSTAL INTEGRATED SER L
EQ,KSB,KSB LIMITED
EQ,KSCL,KAVERI SEED CO. LTD.
EQ,KSHINTL,KSH INTERNATIONAL LIMITED
EQ,KSL,KALYANI STEELS LIMITED
EQ,KSOLVES,KSOLVES INDIA LIMITED
EQ,KTKBANK,KARNATAKA BANK LIMITED
EQ,KUANTUM,KUANTUM PAPERS LIMITED
EQ,KWIL,KWALITY WALL'S (INDIA) L
EQ,LAGNAM,LAGNAM SPINTEX LIMITED
EQ,LAHOTIOV,LAHOTI OVERSEAS LTD.
EQ,LAL,LORENZINI APPARELS LTD
EQ,LALPATHLAB,DR. LAL PATH LABS LTD.
EQ,LAMBODHARA,LAMBODHARA TEXTILES LTD.
SM,LAMOSAIC,LAMOSAIC INDIA LIMITED
EQ,LANDMARK,LANDMARK CARS LIMITED
EQ,LANDSMILL,LANDSMILL GREEN LIMITED
EQ,LAOPALA,LA OPALA RG LIMITED
EQ,LATENTVIEW,LATENT VIEW ANALYTICS LTD
EQ,LATTEYS,LATTEYS INDUSTRIES LTD
EQ,LAURUSLABS,LAURUS LABS LIMITED
EQ,LAXMIDENTL,LAXMI DENTAL LIMITED
EQ,LEMERITE,LE MERITE EXPORTS LIMITED
EQ,LEMONTREE,LEMON TREE HOTELS LTD
EQ,LENSKART,LENSKART SOLUTIONS LTD
EQ,LFIC,LAKSHMI FIN IND CORP LTD
EQ,LGBBROSLTD,LG BALAKRISHNAN & BROS
EQ,LGEINDIA,LG ELECTRONICS INDIA LTD
EQ,LGHL,LAXMI GOLDORNA HOUSE LTD
EQ,LIBAS,LIBAS CONSU PRODUCTS LTD
EQ,LIBERTSHOE,LIBERTY SHOES LTD
EQ,LICHSGFIN,LIC HOUSING FINANCE LTD
EQ,LICI,LIFE INSURA CORP OF INDIA
EQ,LINC,LINC LIMITED
EQ,LINCOLN,LINCOLN PHARMA LTD
EQ,LINDEINDIA,LINDE INDIA LIMITED
EQ,LLOYDSENGG,LLOYDS ENGG WORK LIMITED
EQ,LLOYDSENT,LLOYDS ENTERPRISES LTD
EQ,LLOYDSME,LLOYDS METALS N ENERGY L
EQ,LMW,LMW LIMITED
EQ,LORDSCHLO,LORDS CHLORO ALKALI LTD
EQ,LOTUSDEV,SRI LOTUS DEVLPRS N RTY L
EQ,LOTUSEYE,LOTUS EYE HOSP & INST L
EQ,LOVABLE,LOVABLE LINGERIE LTD
SM,LRRPL,LEAD REC AND RUB PROD LTD
EQ,LTF,L&T FINANCE LIMITED
EQ,LTFOODS,LT FOODS LIMITED
EQ,LTTS,L&T TECHNOLOGY SER. LTD.
EQ,LUMAXIND,LUMAX INDUSTRIES LTD
EQ,LUMAXTECH,LUMAX AUTO TECH LTD
EQ,LUPIN,LUPIN LIMITED
EQ,LUXIND,LUX INDUSTRIES LIMITED
EQ,LXCHEM,LAXMI ORGANIC INDUS LTD
EQ,LYPSAGEMS,LYPSA GEMS & JEWEL LTD
EQ,M&MFIN,M&M FIN. SERVICES LTD
EQ,MAANALU,MAAN ALUMINIUM LIMITED
EQ,MACPOWER,MACPOWER CNC MACHINES LTD
EQ,MADHAV,MADHAV MARBLE & GRANITE
SM,MADHAVBAUG,VAIDYA SANE AYUR LAB LTD
EQ,MADHAVIPL,MADHAV INFRA PROJECTS L
SM,MADHUSUDAN,MADHUSUDAN MASALA LIMITED
EQ,MADRASFERT,MADRAS FERTILISERS LTD
EQ,MAFATIND,MAFATLAL INDUSTRIES LTD.
EQ,MAGADSUGAR,MAGADH SUGAR & ENERGY LTD
EQ,MAHABANK,BANK OF MAHARASHTRA
EQ,MAHAPEXLTD,MAHA RASHTRA APEX COPR. L
EQ,MAHEPC,MAHINDRA EPC IRRIG LTD
EQ,MAHESHWARI,MAHESHWARI LOGISTICS LTD.
EQ,MAHLIFE,MAHINDRA LIFESPACE DEVLTD
EQ,MAHLOG,MAHINDRA LOGISTIC LIMITED
EQ,MAHSCOOTER,MAHARASHTRA SCOOTERS LTD
EQ,MAHSEAMLES,MAHARASHTRA SEAMLESS LTD
EQ,MAITHANALL,MAITHAN ALLOYS LTD
SM,MAITREYA,MAITREYA MEDICARE LIMITED
EQ,MAJESAUT,MAJESTIC AUTO LTD.
EQ,MALLCOM,MALLCOM (INDIA) LIMITED
EQ,MALUPAPER,MALU PAPER MILLS LIMITED
EQ,MAMATA,MAMATA MACHINERY LIMITED
EQ,MANAKALUCO,MANAK ALUMINIUM CO. LTD.
EQ,MANAKCOAT,MAN COAT METAL & IND LTD
EQ,MANAKSIA,MANAKSIA LTD.
EQ,MANALIPETC,MANALI PETROCHEMICALS LT
EQ,MANAPPURAM,MANAPPURAM FINANCE LTD
EQ,MANBA,MANBA FINANCE LIMITED
EQ,MANCREDIT,MANGAL CREDIT N FINCORP L
EQ,MANGLMCEM,MANGALAM CEMENT LTD
SM,MANILAM,MANILAM INDUSTRIES IND L
EQ,MANINDS,MAN INDUSTRIES (I) LTD.
EQ,MANINFRA,MAN INFRA LTD
EQ,MANKIND,MANKIND PHARMA LIMITED
EQ,MANOMAY,MANOMAY TEX INDIA LTD
EQ,MANORAMA,MANORAMA INDUSTRIES LTD
EQ,MANORG,MANGALAM ORGANICS LIMITED
EQ,MANUGRAPH,MANUGRAPH INDIA LIMITED
EQ,MANYAVAR,VEDANT FASHIONS LIMITED
EQ,MAPMYINDIA,C.E. INFO SYSTEMS LIMITED
EQ,MARATHON,MARATHON NXTGEN REALT LTD
SM,MARCO,MARCO CABLE & CONDUCTOR L
EQ,MARICO,MARICO LIMITED
EQ,MARINE,MARINE ELECTRICAL (I) LTD
EQ,MARKOLINES,MARKOLINES PAVEMENT TEC L
EQ,MARKSANS,MARKSANS PHARMA LIMITED
EQ,MARSONS,MARSONS LIMITED
EQ,MASFIN,MAS FINANCIAL SERV LTD
SM,MASON,MASON INFRATECH LIMITED
EQ,MASTEK,MASTEK LTD
SM,MASTER,MASTER COMPONENTS LIMITED
EQ,MASTERTR,MASTER TRUST LIMITED
EQ,MATRIMONY,MATRIMONY.COM LIMITED
EQ,MAXESTATES,MAX ESTATES LIMITED
EQ,MAXIND,MAX INDIA LIMITED
SM,MAYASHEEL,MAYASHEEL VENTURES LTD
EQ,MAYURUNIQ,MAYUR UNIQUOTERS LTD
EQ,MAZDA,MAZDA LIMITED
EQ,MBAPL,MADHYA BHARAT AGRO P. LTD
EQ,MBEL,M AND B ENGINEERING LTD
EQ,MCCHRLS-B,MAC CHARLES (INDIA) LTD.
EQ,MCLOUD,MAGELLANIC CLOUD LIMITED
SM,MCON,MCON RASAYAN INDIA LTD
EQ,MCX,MULTI COMMODITY EXCHANGE
SM,MDL,MARVEL DECOR LIMITED
EQ,MEDANTA,GLOBAL HEALTH LIMITED
EQ,MEDIASSIST,MEDI ASSIST HEALTH SER L
EQ,MEDICAMEQ,MEDICAMEN BIOTECH LIMITED
EQ,MEDICO,MEDICO REMEDIES LIMITED
SM,MEDIORG,MEDICAMEN ORGANICS LTD
EQ,MEDPLUS,MEDPLUS HEALTH SERV LTD
EQ,MEESHO,MEESHO LIMITED
EQ,MEGASTAR,MEGASTAR FOODS LIMITED
SM,MEGATHERM,MEGATHERM INDUCTION LTD
EQ,MENNPIS,MENON PISTONS LTD.
EQ,MENONBE,MENON BEARINGS LIMITED
EQ,MERCANTILE,MERCANTILE VENTURES LTD.
EQ,METROBRAND,METRO BRANDS LIMITED
EQ,METROGLOBL,METROGLOBAL LTD.
EQ,METROPOLIS,METROPOLIS HEALTHCARE LTD
EQ,MFML,MAHALAXMI FABRIC MILLS LT
EQ,MFSL,MAX FINANCIAL SERV LTD
EQ,MGEL,MANGALAM GLOBAL ENT LTD
EQ,MGL,MAHANAGAR GAS LTD.
SM,MGSL,MATRIX GEO SOLUTIONS LTD
SM,MHHL,MOHINI HEALTH&HYGIENE LTD
EQ,MHLXMIRU,MAHALAXMI RUBTECH LIMITED
EQ,MHRIL,MAHINDRA HOLIDAYS LTD
EQ,MICEL,MIC ELECTRONICS LTD
EQ,MIDHANI,MISHRA DHATU NIGAM LTD
EQ,MIDWESTLTD,MIDWEST LIMITED
SM,MILTON,MILTON INDUSTRIES LIMITED
EQ,MINDACORP,MINDA CORPORATION LTD
RR,MINDSPACE,MINDSPACE BUSINESS P REIT
EQ,MINDTECK,MINDTECK (INDIA) LIMITED
EQ,MIRCELECTR,MIRC ELECTRONICS LTD
EQ,MIRZAINT,MIRZA INTERNATIONAL LIMIT
EQ,MITCON,MITCON CON & ENG SER LTD
EQ,MITTAL,MITTAL LIFE STYLE LIMITED
EQ,MKPL,M K PROTEINS LIMITED
EQ,MMFL,MM FORGINGS LTD
EQ,MMP,MMP INDUSTRIES LIMITED
EQ,MMTC,MMTC LIMITED
EQ,MMWL,MEDIA MATRIX WORLDWIDE L
EQ,MOBIKWIK,ONE MOBIKWIK SYSTEMS LTD
EQ,MODINATUR,MODI NATURALS LIMITED
EQ,MODIRUBBER,MODI RUBBER LTD
EQ,MODIS,MODIS NAVNIRMAN LTD
EQ,MODISONLTD,MODISON LIMITED
EQ,MODTHREAD,MODERN THREADS INDIA LTD
EQ,MOHITIND,MOHIT INDUSTRIES LTD
EQ,MOIL,MOIL LIMITED
EQ,MOKSH,MOKSH ORNAMENTS LIMITED
EQ,MOL,MEGHMANI ORGANICS LIMITED
EQ,MOLDTECH,MOLD-TEK TECHNOLOGIES LTD
EQ,MOLDTKPAC,MOLD-TEK PACKAGING LTD
EQ,MONARCH,MONARCH NETWORTH CAP LTD
EQ,MONEYBOXX,MONEYBOXX FINANCE LIMITED
SM,MONOLITH,MONOLITHISCH INDIA LTD
EQ,MONTECARLO,MONTE CARLO FASHIONS LTD.
EQ,MOREPENLAB,MOREPEN LAB. LTD
SM,MOS,MOS UTILITY LIMITED
EQ,MOSCHIP,MOSCHIP TECHNOLOGIES LTD
EQ,MOTILALOFS,MOTILAL OSWAL FIN LTD
EQ,MOTISONS,MOTISONS JEWELLERS LTD
EQ,MOTOGENFIN,MOTOR & GENERAL FINANCE L
SM,MPEL,MANAS POLYMER N ENERGIE L
EQ,MPHASIS,MPHASIS LIMITED
EQ,MPSLTD,MPS LIMITED
EQ,MRF,MRF LTD
EQ,MRPL,MRPL
EQ,MSPL,MSP STEEL & POWER LTD.
EQ,MSTCLTD,MSTC LIMITED
EQ,MSUMI,MOTHERSON SUMI WRNG IND L
EQ,MTARTECH,MTAR TECHNOLOGIES LIMITED
EQ,MTNL,MAHANAGAR TELEPHONE NIGAM
EQ,MUFIN,MUFIN GREEN FINANCE LTD
EQ,MUFTI,CREDO BRANDS MARKETING L
EQ,MUKANDLTD,MUKAND LTD.
EQ,MUKKA,MUKKA PROTEINS LIMITED
EQ,MUKTAARTS,MUKTA ARTS LIMITED
EQ,MUNJALAU,MUNJAL AUTO IND. LTD.
EQ,MUNJALSHOW,MUNJAL SHOWA LTD
EQ,MURUDCERA,MURUDESHWAR CERAMICS LTD
EQ,MUTHOOTCAP,MUTHOOT CAP SERV LTD
EQ,MUTHOOTMF,MUTHOOT MICROFIN LIMITED
EQ,MVGJL,MANOJ VAIBHAV GEM N JEW L
SM,MVKAGRO,M.V.K. AGRO FOOD PROD LTD
EQ,MWL,MANGALAM WORLDWIDE LTD
SM,MYMUDRA,MY MUDRA FINCORP LIMITED
EQ,NACLIND,NACL INDUSTRIES LIMITED
EQ,NAGREEKEXP,NAGREEKA EXPORTS LTD.
EQ,NAHARCAP,NAHAR CAP & FIN.
EQ,NAHARINDUS,NAHAR INDS ENT LTD
EQ,NAHARPOLY,NAHAR POLY FILMS LIMITED
EQ,NAM-INDIA,NIPPON L I A M LTD
SM,NAMAN,NAMAN INDUSTRE PRXIMA LTD
SM,NAMOEWASTE,NAMO EWASTE MANAGEMENT L
EQ,NARMADA,NARMADA AGROBASE LIMITED
EQ,NATCAPSUQ,NATURAL CAPSULES LIMITED
EQ,NATCOPHARM,NATCO PHARMA LTD.
EQ,NATHBIOGEN,NATH BIO-GENES (I) LTD
EQ,NATIONALUM,NATIONAL ALUMINIUM CO LTD
EQ,NATIONSTD,NATIONAL STAND (INDIA) L
EQ,NAUKRI,INFO EDGE (I) LTD
EQ,NAVA,NAVA LIMITED
EQ,NAVINFLUOR,NAVIN FLUORINE INT. LTD
EQ,NAVKARCORP,NAVKAR CORPORATION LTD.
EQ,NAVKARURB,NAVKAR URBANSTRUCTURE LTD
EQ,NAVNETEDUL,NAVNEET EDUCATION LTD
EQ,NAZARA,NAZARA TECHNOLOGIES LTD
EQ,NBCC,NBCC (INDIA) LIMITED
EQ,NBIFIN,N.B.I. IND. FIN. CO. LTD
EQ,NCC,NCC LIMITED
EQ,NCLIND,NCL INDUSTRIES LIMITED
EQ,NDGL,NAGA DHUNSERI GROUP LTD
EQ,NDL,NANDAN DENIM LIMITED
EQ,NDLVENTURE,NDL VENTURES LIMITED
EQ,NDRAUTO,NDR AUTO COMPONENTS LTD
IV,NDRINVIT,NDR INVIT TRUST
EQ,NDTV,NDTV LTD
EQ,NEAGI,NEELAMALAI AGRO INDS. L
EQ,NECCLTD,NORTH EAST CARRY CORP LTD
EQ,NELCAST,NELCAST LIMITED
EQ,NELCO,NELCO LTD
SM,NEOCHEM,NEOCHEM BIO SOLUTIONS LTD
EQ,NEOGEN,NEOGEN CHEMICALS LIMITED
SM,NEPHROCARE,NEPHRO CARE INDIA LIMITED
EQ,NEPHROPLUS,NEPHROCARE HEALTH SERV L
EQ,NESCO,NESCO LTD.
EQ,NETWEB,NETWEB TECH INDIA LTD
EQ,NETWORK18,NETWORK18 MEDIA & INV LTD
EQ,NEULANDLAB,NEULAND LAB LTD.
EQ,NEWGEN,NEWGEN SOFTWARE TECH LTD
EQ,NEXTMEDIA,NEXT MEDIAWORKS LIMITED
EQ,NFL,NATIONAL FERT. LTD
EQ,NGIL,NAKODA GROUP OF IND. LTD
EQ,NGLFINE,NGL FINE CHEM LIMITED
EQ,NH,NARAYANA HRUDAYALAYA LTD.
IV,NHIT,NATIONAL HIGHW INFRA TRUS
EQ,NHPC,NHPC LTD
EQ,NIACL,THE NEW INDIA ASSU CO LTD
EQ,NIBE,NIBE LIMITED
EQ,NIBL,NRB INDUS. BEARINGS LTD.
SM,NIDAN,NIDAN LABS AND HEALTH LTD
EQ,NIITLTD,NIIT LIMITED
EQ,NIITMTS,NIIT LEARNING SYSTEMS LTD
SM,NIKITA,NIKITA GRENTEC RECYCL LTD
EQ,NILAINFRA,NILA INFRASTRUCTURES LTD
EQ,NILASPACES,NILA SPACES LIMITED
EQ,NILE,NILE LTD.
EQ,NILKAMAL,NILKAMAL LIMITED
EQ,NIMBSPROJ,NIMBUS PROJECTS LIMITED
EQ,NIPPOBATRY,INDO-NATIONAL LIMITED
EQ,NIRAJ,NIRAJ CEMENT STRUC LTD
EQ,NIRLON,NIRLON LTD
EQ,NITCO,NITCO LIMITED
EQ,NITINSPIN,NITIN SPINNERS LIMITED
EQ,NITIRAJ,NITIRAJ ENGINEERS LTD
EQ,NITTAGELA,NITTA GELATIN INDIA LTD.
EQ,NIVABUPA,NIVA BUPA HEALTH INS CO L
EQ,NKIND,NK INDUSTRIES LTD
EQ,NLCINDIA,NLC INDIA LIMITED
EQ,NMDC,NMDC LTD.
SM,NMSTEEL,NEWMALAYALAM STEEL LTD
EQ,NOCIL,NOCIL LIMITED
EQ,NOIDATOLL,NOIDA TOLL BRIDGE CO LTD
EQ,NORBTEAEXP,NORBEN TEA & EXPORTS LTD
EQ,NORTHARC,NORTHERN ARC CAPITAL LTD
EQ,NOVAAGRI,NOVA AGRITECH LIMITED
EQ,NOVARTIND,NOVARTIS INDIA LIMITED
EQ,NPST,NETWORK PEOPLE SRV TECH L
EQ,NRAIL,N R AGARWAL INDS LTD
EQ,NRBBEARING,NRB BEARING LIMITED
EQ,NRL,NUPUR RECYCLERS LIMITED
SM,NRVANDANA,N R VANDANA TEX IND LTD
EQ,NSIL,NALWA SONS INVESTMENT LTD
EQ,NSLNISP,NMDC STEEL LIMITED
EQ,NTPCGREEN,NTPC GREEN ENERGY LIMITED
EQ,NUCLEUS,NUCLEUS SOFTWARE EXPORTS
EQ,NURECA,NURECA LIMITED
EQ,NUVAMA,NUVAMA WEALTH MANAGE LTD
EQ,NUVOCO,NUVOCO VISTAS CORP LTD
RR,NXST,NEXUS SELECT TRUST
EQ,NYKAA,FSN E COMMERCE VENTURES
EQ,OAL,ORIENTAL AROMATICS LTD
EQ,OBCL,ORISSA BENGAL CARRIER LTD
EQ,OBEROIRLTY,OBEROI REALTY LIMITED
SM,OBSCP,OBSC PERFECTION LIMITED
EQ,OCCLLTD,OCCL LIMITED
EQ,OFSS,ORACLE FIN SERV SOFT LTD.
EQ,OIL,OIL INDIA LTD
EQ,OLAELEC,OLA ELECTRIC MOBILITY LTD
EQ,OLECTRA,OLECTRA GREENTECH LIMITED
EQ,OMAXE,OMAXE LIMITED
EQ,OMFREIGHT,OM FREIGHT FORWARDERS LTD
EQ,OMINFRAL,OM INFRA LIMITED
EQ,OMNI,OMNITECH ENGINEERING LTD
EQ,OMPOWER,OM POWER TRANSMISSION LTD
EQ,ONELIFECAP,ONELIFE CAP ADVISORS LTD
EQ,ONEPOINT,ONE POINT ONE SOL LTD
EQ,ONESOURCE,ONESOURCE SPECL PHARMA L
EQ,ONMOBILE,ONMOBILE GLOBAL LTD.
EQ,ONWARDTEC,ONWARD TECHNOLOGIES LTD
SM,ONYX,ONYX BIOTEC LIMITED
EQ,OPTIEMUS,OPTIEMUS INFRACOM LTD
SM,OPTIVALUE,OPTIVALUE TEK CONSULT LTD
EQ,ORBTEXP,ORBIT EXPORTS LIMITED
EQ,ORCHASP,ORCHASP LIMITED
EQ,ORCHPHARMA,ORCHID PHARMA LIMITED
SM,ORIANA,ORIANA POWER LIMITED
EQ,ORICONENT,ORICON ENTERPRISES LTD
EQ,ORIENTALTL,ORIENTAL TRIMEX LTD
EQ,ORIENTBELL,ORIENT BELL LIMITED
EQ,ORIENTCEM,ORIENT CEMENT LTD.
EQ,ORIENTCER,ORIENT CERATECH LIMITED
EQ,ORIENTELEC,ORIENT ELECTRIC LIMITED
EQ,ORIENTHOT,ORIENT HOTELS LTD
EQ,ORIENTLTD,ORIENT PRESS LIMITED
EQ,ORIENTPPR,ORIENT PAPER AND INDS LTD
EQ,ORIENTTECH,ORIENT TECHNOLOGIES LTD
EQ,ORISSAMINE,ORISSA MIN DEV CO LTD
EQ,ORKLAINDIA,ORKLA INDIA LIMITED
SM,OSELDEVICE,OSEL DEVICES LIMITED
EQ,OSWALGREEN,OSWAL GREENTECH LIMITED
EQ,OSWALPUMPS,OSWAL PUMPS LIMITED
EQ,OSWALSEEDS,SHREEOSWAL S AND CHE LTD
SM,OWAIS,OWAIS METAL & MINERAL
EQ,PACEDIGITK,PACE DIGITEK LIMITED
EQ,PAGEIND,PAGE INDUSTRIES LTD
EQ,PAISALO,PAISALO DIGITAL LIMITED
EQ,PAKKA,PAKKA LIMITED
EQ,PALASHSECU,PALASH SECURITIES LTD
EQ,PANACEABIO,PANACEA BIOTEC LTD
EQ,PANAMAPET,PANAMA PETROCHEM LTD
EQ,PANSARI,PANSARI DEVELOPERS LTD
EQ,PAR,PAR DRUGS AND CHEM LTD
EQ,PARACABLES,PARAMOUNT COMM LTD
EQ,PARADEEP,PARADEEP PHOSPHATES LTD
EQ,PARAGMILK,PARAG MILK FOODS LTD.
SM,PARAGON,PARAGON FINE S.C. LTD.
SM,PARAMATRIX,PARAMATRIX TECHNOLOGIES L
SM,PARAMOUNT,PARAMOUNT DYE TEC LIMITED
EQ,PARAS,PARAS DEF AND SPCE TECH L
SM,PARIN,PARIN ENTERPRISES LIMITED
EQ,PARKHOSPS,PARK MEDI WORLD LIMITED
EQ,PARKHOTELS,PARKHOTELS
SM,PARTYCRUS,PARTY CRUISERS LIMITED
EQ,PASHUPATI,PASHUPATI COTSPIN LIMITED
EQ,PASUPTAC,PASUPATI ACRYLON LIMITED
EQ,PATANJALI,PATANJALI FOODS LIMITED
EQ,PATELENG,PATEL ENGINEERING LTD.
EQ,PATELRMART,PATEL RETAIL LIMITED
EQ,PATINTLOG,PATEL INT. LOG. LTD
EQ,PAUSHAKLTD,PAUSHAK LIMITED
EQ,PAYTM,ONE 97 COMMUNICATIONS LTD
EQ,PCBL,PCBL CHEMICAL LIMITED
SM,PCCL,PETRO CARBON AND CHEMI L
EQ,PCJEWELLER,PC JEWELLER LTD
EQ,PDMJEPAPER,PUDUMJEE PAPER PRO. LTD
EQ,PDSL,PDS LIMITED
SM,PELATRO,PELATRO LIMITED
EQ,PENIND,PENNAR INDUSTRIES LTD
EQ,PERSISTENT,PERSISTENT SYSTEMS LTD
EQ,PETRONET,PETRONET LNG LIMITED
EQ,PFIZER,PFIZER LTD
EQ,PFS,PTC INDIA FIN SERV LTD
EQ,PGEL,PG ELECTROPLAST LTD
EQ,PGHH,P&G HYGIENE & HEALTH CARE
EQ,PGHL,PROCTER & GAMBLE HEALTH L
EQ,PGIL,PEARL GLOBAL IND LIMITED
IV,PGINVIT,POWERGRID INFRA. INVITS
SM,PHANTOMFX,PHANTOM DIGITAL EFF LTD
EQ,PHOENIXLTD,THE PHOENIX MILLS LTD
SM,PHOGLOBAL,PHOENIX OVERSEAS LIMITED
EQ,PICCADIL,PICCADILY AGRO INDUSTRI L
EQ,PIGL,POWER INSTRUMENT (G) LTD
EQ,PIIND,PI INDUSTRIES LTD
EQ,PILANIINVS,PILANI INV & IND COR LTD
EQ,PILITA,PIL ITALICA LIFESTYLE LTD
EQ,PINELABS,PINE LABS LIMITED
EQ,PIONEEREMB,PIONEER EMBROIDERIES LTD
EQ,PIONRINV,PIONEER INVESTCORP LTD.
EQ,PIRAMALFIN,PIRAMAL FINANCE LIMITED
EQ,PITTIENG,PITTI ENGINEERING LIMITED
EQ,PIXTRANS,PIX TRANSMISSIONS LIMITED
EQ,PKTEA,THE P K TEA PROD CO LTD
SM,PLADAINFO,PLADA INFOTECH SERVICES L
EQ,PLASTIBLEN,PLASTIBLENDS INDIA LTD
EQ,PLATIND,PLATINUM INDUSTRIES LTD
EQ,PML,PAUL MERCHANTS LTD.
EQ,PNBGILTS,PNB GILTS LIMITED
EQ,PNBHOUSING,PNB HOUSING FIN LTD.
EQ,PNCINFRA,PNC INFRATECH LTD.
EQ,PNGJL,P N GADGIL JEWELLERS LTD
EQ,PNGSREVA,PNGS REVA DIAMOND JEWEL L
EQ,POCL,PONDY OXIDES & CHEM LTD
EQ,PODDARMENT,PODDAR PIGMENTS LIMITED
EQ,POKARNA,POKARNA LIMITED
EQ,POLICYBZR,PB FINTECH LIMITED
EQ,POLYCAB,POLYCAB INDIA LIMITED
EQ,POLYMED,POLY MEDICURE LIMITED
EQ,POLYPLEX,POLYPLEX CORPORATION LTD
EQ,PONNIERODE,PONNIE SUGARS (ERODE) LTD
EQ,POONAWALLA,POONAWALLA FINCORP LTD
EQ,POWERICA,POWERICA LIMITED
EQ,POWERINDIA,HITACHI ENERGY INDIA LTD
EQ,POWERMECH,POWER MECH PROJECTS LTD.
EQ,PPAP,PPAP AUTOMOTIVE LIMITED
EQ,PPL,PRAKASH PIPES LIMITED
EQ,PPLPHARMA,PIRAMAL PHARMA LIMITED
EQ,PRABHA,PRABHA ENERGY LIMITED
EQ,PRADPME,PRADEEP METALS LTD.
EQ,PRAENG,PRAJAY ENG. SYN. LTD.
EQ,PRAJIND,PRAJ INDUSTRIES LTD
EQ,PRAKASH,PRAKASH INDUSTRIES LTD
EQ,PRAKASHSTL,PRAKASH STEELAGE LTD
SM,PRAMARA,PRAMARA PROMOTIONS LTD
SM,PRANIK,PRANIK LOGISTICS LIMITED
SM,PRATHAM,PRATHAM EPC PROJECTS LTD
EQ,PRAVEG,PRAVEG LTD.
EQ,PRECAM,PRECISION CAMSHAFTS LTD.
SM,PRECISION,PRECISION METALIKS LTD
EQ,PRECWIRE,PRECISION WIRES INDIA LTD
EQ,PREMCO,PREMCO GLOBAL LTD.
EQ,PREMEXPLN,PREMIER EXPLOSIVES LTD
EQ,PREMIERENE,PREMIER ENERGIES LIMITED
EQ,PRESTIGE,PRESTIGE ESTATE LTD
EQ,PRICOLLTD,PRICOL LIMITED
SM,PRIMECAB,PRIME CABLE INDUSTRIES L
EQ,PRIMESECU,PRIME SECURITIES LIMITED
EQ,PRIMO,PRIMO CHEMICALS LIMITED
EQ,PRINCEPIPE,PRINCE PIPES FITTINGS LTD
SM,PRITIKA,PRITIKA ENG COMPO LTD
EQ,PRITIKAUTO,PRITIKA AUTO INDUS LTD
EQ,PRIVISCL,PRIVI SPECIALITY CHE LTD
SM,PRLIND,PREMIER ROADLINES LIMITED
SM,PROFX,PRO FX TECH LIMITED
SM,PROPEQUITY,P. E. ANALYTICS LIMITED
EQ,PROSTARM,PROSTARM INFO SYSTEMS LTD
EQ,PROTEAN,PROTEAN EGOV TECHNO LTD
SM,PROV,PROVENTUS AGROCOM LIMITED
EQ,PROZONER,PROZONE REALTY LIMITED
EQ,PRSMJOHNSN,PRISM JOHNSON LIMITED
EQ,PRUDENT,PRUDENT CORP ADV SER LTD
EQ,PRUDMOULI,PRUDENTIAL SUGAR CORPORAT
EQ,PSB,PUNJAB & SIND BANK
SM,PSFL,PARAMOUNT SPECIALI FORG L
EQ,PSPPROJECT,PSP PROJECTS LIMITED
SM,PSRAJ,P S RAJ STEELS LIMITED
EQ,PTC,PTC INDIA LIMITED
EQ,PTCIL,PTC INDUSTRIES LIMITED
EQ,PTL,PTL ENTERPRISES LTD
SM,PULZ,PULZ ELECTRONICS LIMITED
EQ,PUNJABCHEM,PUNJAB CHEM & CROP PROT L
SM,PURPLEUTED,PURPLE UNITED SALES LTD
EQ,PURVA,PURAVANKARA LIMITED
SM,PUSHPA,PUSHPA JEWELLERS LIMITED
EQ,PVP,PVP VENTURES LIMITED
EQ,PVRINOX,PVR INOX LIMITED
EQ,PVSL,POPULAR VEHICLES N SER L
EQ,PWL,PHYSICSWALLAH LIMITED
EQ,PYRAMID,PYRAMID TECHNOPLAST LTD
SM,QMSMEDI,QMS MEDICAL ALLIED S LTD
EQ,QPOWER,QUALITY POWER ELEC EQUP L
EQ,QUADFUTURE,QUADRANT FUTURE TEK LTD
SM,QUADPRO,QUADPRO ITES LIMITED
EQ,QUESS,QUESS CORP LIMITED
EQ,QUICKHEAL,QUICK HEAL TECH LTD
SM,QUICKTOUCH,QUICKTOUCH TECHNOLOGIES L
EQ,QUINT,QUINT DIGITAL LTD.
SM,QVCEL,QVC EXPORTS LIMITED
EQ,RACLGEAR,RACL GEARTECH LIMITED
EQ,RADAAN,RADAAN MEDIAWORKS (I) LTD
EQ,RADHIKAJWE,RADHIKA JEWELTECH LIMITED
EQ,RADIANTCMS,RADIANT CASH MGMT SER LTD
EQ,RADICO,RADICO KHAITAN LTD
EQ,RAILTEL,RAILTEL CORP OF IND LTD
EQ,RAIN,RAIN INDUSTRIES LIMITED
EQ,RAINBOW,RAINBOW CHILDRENS MED LTD
SM,RAJINDLTD,RAJPUTANA INDUSTRIES LTD
EQ,RAJOOENG,RAJOO ENGINEERS LIMITED
EQ,RAJPALAYAM,RAJAPALAYAM MILLS LTD.
SM,RAJPUTANA,RAJPUTANA BIODIESEL LTD
EQ,RAJRATAN,RAJRATAN GLOBAL WIRE LTD
EQ,RAJSREESUG,RAJSHREE SUGAR & CHEMICAL
EQ,RAJTV,RAJ TV NETWORK LTD
EQ,RALLIS,RALLIS INDIA LTD
EQ,RAMANEWS,SHREE RAMA NEWSPRINT LTD
EQ,RAMAPHO,RAMA PHOSPHATES LIMITED
EQ,RAMASTEEL,RAMA STEEL TUBES LIMITED
EQ,RAMCOCEM,THE RAMCO CEMENTS LIMITED
EQ,RAMCOIND,RAMCO INDUSTRIES LIMITED
EQ,RAMCOSYS,RAMCO SYSTEMS LTD.
EQ,RAMKY,RAMKY INFRA LTD
EQ,RAMRAT,RAM RATNA WIRES LIMITED
EQ,RANASUG,RANA SUGARS LTD.
EQ,RANEHOLDIN,RANE HOLDINGS LIMITED
SM,RAPPID,RAPPID VALVES (INDIA) LTD
EQ,RATEGAIN,RATEGAIN TRAVEL TECHN LTD
EQ,RATNAMANI,RATNAMANI MET & TUB LTD.
EQ,RATNAVEER,RATNAVEER PRECISION ENG L
EQ,RAYMOND,RAYMOND LTD
EQ,RAYMONDLSL,RAYMOND LIFESTYLE LIMITED
EQ,RAYMONDREL,RAYMOND REALTY LIMITED
EQ,RBA,RESTAURANT BRAND ASIA LTD
EQ,RBLBANK,RBL BANK LIMITED
SM,RBMINFRA,RBM INFRACON LIMITED
EQ,RBZJEWEL,RBZ JEWELLERS LIMITED
SM,RCDL,RAJGOR CASTOR DERIVATI L
EQ,RCF,RASHTRIYA CHEMICALS & FER
SM,READYMIX,READYMIX CONSTRU MACHI L
EQ,REDINGTON,REDINGTON LIMITED
EQ,REDTAPE,REDTAPE LIMITED
EQ,REFEX,REFEX INDUSTRIES LIMITED
SM,REFRACTORY,REFRACTORY SHAPES LIMITED
EQ,REGENCERAM,REGENCY CERAMICS LTD.
EQ,RELAXO,RELAXO FOOT LTD.
EQ,RELCHEMQ,RELIANCE CHEMOTEX IND LTD
EQ,RELIABLE,RELIABLE DATA SERVICE LTD
EQ,RELIGARE,RELIGARE ENTER. LTD.
EQ,RELTD,RAVINDRA ENERGY LIMITED
EQ,REMSONSIND,REMSONS INDUSTRIES LTD
SM,REMUS,REMUS PHARMACEUTICALS L
EQ,RENUKA,SHREE RENUKA SUGARS LTD
EQ,REPCOHOME,REPCO HOME FINANCE LTD
EQ,REPRO,REPRO INDIA LIMITED
EQ,RESPONIND,RESPONSIVE INDUSTRIES LTD
EQ,RETAIL,JHS SVENDGAARD RETAIL V L
EQ,RGL,RENAISSANCE GLOBAL LTD
EQ,RHETAN,RHETAN TMT LIMITED
EQ,RHIM,RHI MAGNESITA INDIA LTD
EQ,RHL,ROBUST HOTELS LIMITED
SM,RICHA,RICHA INFO SYSTEMS LTD
EQ,RICOAUTO,RICO AUTO INDUSTRIES LTD
EQ,RIIL,RELIANCE INDUSTRIAL INFRA
IV,RIIT,RAAJMARG INFRA INVEST T
SM,RILINFRA,RACHANA INFRA LTD
EQ,RISHABH,RISHABH INSTRUMENTS LTD
EQ,RITCO,RITCO LOGISTICS LIMITED
EQ,RITES,RITES LIMITED
EQ,RKDL,RAVI KUMAR DIST. LTD.
EQ,RKEC,RKEC PROJECTS LIMITED
EQ,RKFORGE,RAMKRISHNA FORGINGS LTD
EQ,RKSWAMY,R K SWAMY LIMITED
EQ,RMDRIP,R M DRIP & SPRINK SYS LTD
EQ,RML,RANE (MADRAS) LIMITED
SM,RNFI,RNFI SERVICES LIMITED
SM,RNPL,RENOL POLYCHEM LIMITED
SM,ROCKINGDCE,ROCKINGDEALS CIRCU ECO L
EQ,ROHLTD,ROYAL ORCHID HOTELS LTD
EQ,ROLEXRINGS,ROLEX RINGS LIMITED
EQ,ROML,RAJ OIL MILLS LIMITED
EQ,ROSSARI,ROSSARI BIOTECH LIMITED
EQ,ROSSELLIND,ROSSELL INDIA LIMITED
EQ,ROSSTECH,ROSSELL TECHSYS LIMITED
EQ,ROTO,ROTO PUMPS LIMITED
EQ,ROUTE,ROUTE MOBILE LIMITED
EQ,RPEL,RAGHAV PRODUCTIVITY ENH L
EQ,RPGLIFE,RPG LIFE SCIENCES LTD
EQ,RPOWER,RELIANCE POWER LTD.
EQ,RPPINFRA,R.P.P INFRA PROJECTS LTD
EQ,RPPL,RAJSHREE POLYPACK LTD
EQ,RPSGVENT,RPSG VENTURES LIMITED
EQ,RPTECH,RASHI PERIPHERALS LIMITED
EQ,RRIL,R R I L LTD.
EQ,RRKABEL,R R KABEL LIMITED
EQ,RSDFIN,R S D FINANCE LTD.
EQ,RSL,RAJPUTANA STAINLESS LTD
EQ,RSWM,RSWM LIMITED
EQ,RSYSTEMS,R SYS INTERNATIONAL LTD
EQ,RTNINDIA,RATTANINDIA ENT LIMITED
EQ,RTNPOWER,RATTANINDIA POWER LIMITED
EQ,RUBFILA,RUBFILA INTERNATIONAL LTD
EQ,RUBICON,RUBICON RESEARCH LIMITED
EQ,RUBYMILLS,THE RUBY MILLS LTD
EQ,RUCHINFRA,RUCHI INFRASTRUCTURE LTD
EQ,RUCHIRA,RUCHIRA PAPERS LIMITED
SM,RULKA,RULKA ELECTRICALS LIMITED
EQ,RUPA,RUPA & COMPANY LTD
EQ,RUSHIL,RUSHIL DECOR LIMITED
EQ,RUSTOMJEE,KEYSTONE REALTORS LIMITED
EQ,RVHL,RAVINDER HEIGHTS LIMITED
EQ,RVNL,RAIL VIKAS NIGAM LIMITED
EQ,RVTH,REVATHI EQUIPMENT INDIA L
SM,SAAKSHI,SAAKSHI MEDTEC N PANELS L
EQ,SAATVIKGL,SAATVIK GREEN ENERGY LTD
SM,SACHEEROME,SACHEEROME LIMITED
EQ,SADBHIN,SADBHAV INFRA PROJ LTD.
SM,SADHAV,SADHAV SHIPPING LIMITED
EQ,SAFARI,SAFARI IND (INDIA) LTD
SM,SAFEENTP,SAFE ENTER RETAIL FIX LTD
EQ,SAGARDEEP,SAGARDEEP ALLOYS LIMITED
EQ,SAGCEM,SAGAR CEMENTS LIMITED
EQ,SAGILITY,SAGILITY LIMITED
SM,SAHAJSOLAR,SAHAJ SOLAR LIMITED
SM,SAHANA,SAHANA SYSTEM LIMITED
SM,SAHASRA,SAHASRA ELECTRONIC SOLU L
EQ,SAHLIBHFI,SHALIBHADRA FINANCE LTD
EQ,SAHYADRI,SAHYADRI INDUSTRIES LTD
SM,SAIFL,SAMEERA AGRO AND INFRA L
EQ,SAIL,STEEL AUTHORITY OF INDIA
EQ,SAILIFE,SAI LIFE SCIENCES LIMITED
EQ,SAIPARENT,SAI PARENTERALS LIMITED
SM,SAJHOTELS,SAJ HOTELS LIMITED
EQ,SAKAR,SAKAR HEALTHCARE LIMITED
EQ,SAKHTISUG,SAKTHI SUGARS LTD
EQ,SAKSOFT,SAKSOFT LIMITED
EQ,SALASAR,SALASAR TECHNO ENGG. LTD.
EQ,SALONA,SALONA COTSPIN LTD.
EQ,SALZERELEC,SALZER ELECTRONICS LTD
SM,SAMAY,SAMAY PROJECT SERVICES L
EQ,SAMBHV,SAMBHV STEEL TUBES LTD
EQ,SAMHI,SAMHI HOTELS LIMITED
EQ,SAMMAANCAP,SAMMAAN CAPITAL LIMITED
EQ,SAMPANN,SAMPANN UTPADAN INDIA LTD
EQ,SANATHAN,SANATHAN TEXTILES LIMITED
EQ,SANDESH,SANDESH LTD
EQ,SANDHAR,SANDHAR TECHNOLOGIES LTD
EQ,SANDUMA,SANDUR MANG & IRON ORES L
EQ,SANGAMIND,SANGAM (INDIA) LTD
SM,SANGANI,SANGANI HOSPITALS LIMITED
EQ,SANGHVIMOV,SANGHVI MOVERS LTD
EQ,SANOFI,SANOFI INDIA LIMITED
EQ,SANOFICONR,SANOFI CONS HEALTHC IND L
EQ,SANSERA,SANSERA ENGINEERING LTD
EQ,SANSTAR,SANSTAR LIMITED
EQ,SAPPHIRE,SAPPHIRE FOODS INDIA LTD
EQ,SAPPL,SHREE AJIT PULP & PAPER L
EQ,SARDAEN,SARDA ENERGY & MIN LTD
EQ,SAREGAMA,SAREGAMA INDIA LIMITED
EQ,SARLAPOLY,SARLA PERF. FIBERS LTD
SM,SARTELE,SAR TELEVENTURE LIMITED
EQ,SASKEN,SASKEN TECHNOLOGIES LTD
EQ,SATIA,SATIA INDUSTRIES LIMITED
EQ,SATIN,SATIN CREDIT NET LTD
SM,SATIPOLY,SATI POLY PLAST LIMITED
SM,SATTVAENGG,SATTVA ENGINEERING CSTN L
EQ,SAURASHCEM,SAURASHTRA CEMENT LIMITED
SM,SAVY,SAVY INFRA AND LOGI LTD
SM,SAWALIYA,SAWALIYA FOOD PRODUCTS L
EQ,SAYAJIHOTL,SAYAJI HOTELS LTD.
EQ,SBC,SBC EXPORTS LIMITED
EQ,SBCL,SHIVALIK BIMETAL CON. LTD
EQ,SBFC,SBFC FINANCE LIMITED
EQ,SBGLP,SURATWWALA BUS GROUP LTD
EQ,SBICARD,SBI CARDS & PAY SER LTD
EQ,SCANSTL,SCAN STEELS LTD.
EQ,SCHAEFFLER,SCHAEFFLER INDIA LIMITED
EQ,SCHAND,S CHAND AND COMPANY LTD
EQ,SCI,SHIPPING CORP OF INDIA LT
EQ,SCILAL,SHIPPING CORP OF ILA LTD
SM,SCML,SHARP CHUCKS N MACHINES L
EQ,SCODATUBES,SCODA TUBES LIMITED
EQ,SDBL,SOM DIST & BREW LTD
SM,SDREAMS,S D RETAIL LIMITED
EQ,SEAMECLTD,SEAMEC LIMITED
EQ,SEDEMAC,SEDEMAC MECHATRONICS LTD
EQ,SEIL,SHANTI EDU INITIATIVES L
SM,SELLOWRAP,SELLOWRAP INDUSTRIES LTD
EQ,SELMC,SEL MANUFACTURING CO LTD
EQ,SEMAC,SEMAC CONSTRUCTION LTD
EQ,SENCO,SENCO GOLD LIMITED
EQ,SENORES,SENORES PHARMACEUTICALS L
EQ,SEPC,SEPC LIMITED
EQ,SERVOTECH,SERVOTECH REN POW SYS LTD
EQ,SESHAPAPER,SESHASAYEE PAPER & BOARDS
EQ,SETL,STANDARD ENGNG TCNLGY LTD
EQ,SFL,SHEELA FOAM LIMITED
EQ,SGFIN,SG FINSERVE LIMITED
EQ,SGIL,SYNERGY GREEN IND. LTD
EQ,SGL,STL GLOBAL LIMITED
EQ,SGMART,SG MART LIMITED
EQ,SHADOWFAX,SHADOWFAX TECHNOLOGIES L
EQ,SHAH,SHAH METACORP LIMITED
EQ,SHAHALLOYS,SHAH ALLOYS LIMITED
EQ,SHAILY,SHAILY ENG PLASTICS LTD
EQ,SHAKTIPUMP,SHAKTI PUMPS (I) LTD
EQ,SHALBY,SHALBY LIMITED
EQ,SHALPAINTS,SHALIM PAINTS LTD
SM,SHANTHALA,SHANTHALA FMCG PRODUCTS L
EQ,SHANTI,SHANTI OVERSEAS INDIA LTD
EQ,SHANTIGEAR,SHANTHI GEARS LTD
EQ,SHANTIGOLD,SHANTI GOLD INTERNATION L
EQ,SHARDACROP,SHARDA CROPCHEM LTD.
EQ,SHARDAMOTR,SHARDA MOTOR INDS LTD
EQ,SHARDUL,SHARDUL SECURITIES LTD.
EQ,SHAREINDIA,SHARE IND. SECURITIES LTD
EQ,SHBAJRG,SHRI BAJRANG ALLIANCE L
SM,SHEEL,SHEEL BIOTECH LIMITED
SM,SHEETAL,SHEETAL UNIVERSAL LIMITED
EQ,SHEMAROO,SHEMAROO ENTER. LTD.
SM,SHERA,SHERA ENERGY LIMITED
SM,SHETHJI,SHREEJI GLOBAL FMCG LTD
EQ,SHILCTECH,SHILCHAR TECHNOLOGIES LTD
EQ,SHILPAMED,SHILPA MEDICARE LTD
EQ,SHINDL,SHARAT INDUSTRIES LTD.
EQ,SHIVALIK,SHIVALIK RASAYAN LIMITED
EQ,SHIVAMILLS,SHIVA MILLS LIMITED
SM,SHIVASHRIT,SHIVASHRIT FOODS LIMITED
EQ,SHIVATEX,SHIVA TEXYARN LIMITED
EQ,SHK,S H KELKAR AND CO. LTD.
EQ,SHOPERSTOP,SHOPPERS STOP LIMITED
EQ,SHRADHA,SHRADHA REALTY LIMITED
EQ,SHREDIGCEM,SHREE DIGVIJAY CEM CO LTD
EQ,SHREEJISPG,SHREEJI SHIPPING GLOBAL L
SM,SHREEKARNI,SHREE KARNI FABCOM LTD
SM,SHREEOSFM,SHREE OSFM E-MOBILITY LTD
EQ,SHREEPUSHK,SHRE PUSH CHEM & FERT LTD
EQ,SHREERAMA,SHREE RAMA MULTI TECH LTD
IV,SHREMINVIT,SHREM INVIT
EQ,SHREYANIND,SHREYANS INDUSTRIES LTD
SM,SHRIAHIMSA,SHRI AHIMSA NATURALS LTD
EQ,SHRIKRISH,SHRI KRISHNA DEVCON LTD.
EQ,SHRINGARMS,SHRINGAR HOU OF MANGALS L
EQ,SHRIPISTON,SHRIRAM PIST. & RING LTD
EQ,SHRIRAMPPS,SHRIRAM PROPERTIES LTD
SM,SHRITECH,SHRI TECHTEX LIMITED
SM,SHUBHLAXMI,SHUBHLAXMI JEWEL ART LTD
EQ,SHYAMCENT,SHYAM CENTURY FERROUS LTD
SM,SHYAMDHANI,SHYAM DHANI INDUSTRIES L
EQ,SHYAMMETL,SHYAM METALICS AND ENGY L
EQ,SICAGEN,SICAGEN INDIA LIMITED
SM,SIDDHIKA,SIDDHIKA COATINGS LIMITED
EQ,SIGIND,SIGNET INDUSTRIES LIMITED
EQ,SIGMA,SIGMA SOLVE LIMITED
EQ,SIGNATURE,SIGNATUREGLOBAL INDIA LTD
EQ,SIGNPOST,SIGNPOST INDIA LIMITED
EQ,SIKA,SIKA INTERPLANT SYSTEMS L
EQ,SIKKO,SIKKO INDUSTRIES LIMITED
EQ,SIL,STANDARD INDUSTRIES LTD.
EQ,SILGO,SILGO RETAIL LIMITED
EQ,SILINV,SIL INVESTMENTS LIMITED
SM,SILKY,SILKY OVERSEAS LIMITED
EQ,SILLYMONKS,SILLY MONKS ENTERTAIN LTD
EQ,SILVERTUC,SILVER TOUCH TECHNO LTD
EQ,SIMPLEXINF,SIMPLEX INFRASTRUCTURES L
EQ,SINCLAIR,SINCLAIRS HOTELS LIMITED
EQ,SINDHUTRAD,SINDHU TRADE LINKS LTD
EQ,SINGERIND,SINGER INDIA LIMITED
EQ,SINTERCOM,SINTERCOM INDIA LIMITED
EQ,SIRCA,SIRCA PAINT INDIA LIMITED
EQ,SIS,SIS LIMITED
EQ,SIYSIL,SIYARAM SILK MILLS LTD
SM,SJLOGISTIC,S J LOGISTICS (INDIA) LTD
EQ,SJS,SJS ENTERPRISES LIMITED
EQ,SJVN,SJVN LTD
EQ,SKFINDIA,SKF INDIA LTD
EQ,SKFINDUS,SKF IND (INDUSTRIAL) LTD
EQ,SKIPPER,SKIPPER LIMITED
EQ,SKMEGGPROD,SKM EGG PROD EXPORT(I) LT
SM,SKP,SKP BEARING INDUSTRI. LTD
EQ,SKYGOLD,SKY GOLD AND DIAMONDS LTD
SM,SLONE,SLONE INFOSYSTEMS LIMITED
SM,SMARTEN,SMARTEN POWER SYSTEMS LTD
EQ,SMARTLINK,SMARTLINK HOLDINGS LTD
EQ,SMARTWORKS,SMARTWORKS COWORKING SP L
EQ,SMCGLOBAL,SMC GLOBAL SECURITIES LTD
EQ,SMLMAH,SML MAHINDRA LIMITED
EQ,SMLT,SARTHAK METALS LIMITED
EQ,SMSPHARMA,SMS PHARMACEUTICALS LTD.
EQ,SNOWMAN,SNOWMAN LOGISTICS LTD.
EQ,SOBHA,SOBHA LIMITED
EQ,SOLARA,SOLARA ACTIVE PHA SCI LTD
EQ,SOLARWORLD,SOLARWORLD ENERGY SOL LTD
EQ,SOLEX,SOLEX ENERGY LIMITED
EQ,SOMANYCERA,SOMANY CERAMICS LIMITED
EQ,SOMATEX,SOMA TEXTILES & INDUST LT
EQ,SOMICONVEY,SOMI CONVEYOR BELT. LTD.
EQ,SONACOMS,SONA BLW PRECISION FRGS L
EQ,SONAL,SONAL MERCANTILE LTD.
EQ,SONAMLTD,SONAM LIMITED
EQ,SONATSOFTW,SONATA SOFTWARE LTD
SM,SONUINFRA,SONU INFRATECH LIMITED
EQ,SOTL,SAVITA OIL TECHNOLO. LTD
EQ,SOUTHBANK,THE SOUTH INDIAN BANK LTD
EQ,SOUTHWEST,SOUTH WEST PINNACLE LTD
EQ,SPAL,S. P. APPARELS LIMITED
EQ,SPANDANA,SPANDANA SPHOORTY FIN LTD
EQ,SPARC,SUN PHARMA ADV.RES.CO.LTD
EQ,SPCENET,SPACENET ENTERS IND LTD
SM,SPCL,SHIVALIC POWER CONTROL L
SM,SPEB,SPEB ADHESIVES LIMITED
EQ,SPECIALITY,SPECIALITY REST LTD
EQ,SPECTRUM,SPECTRUM ELECTRIC IND LTD
EQ,SPENCERS,SPENCER S RETAIL LIMITED
EQ,SPIC,SPIC LTD
EQ,SPLIL,SPL INDUSTRIES LIMITED
EQ,SPLPETRO,SUPREME PETROCHEM LIMITED
EQ,SPMLINFRA,SPML INFRA LIMITED
EQ,SPORTKING,SPORTKING INDIA LIMITED
SM,SPUNWEB,SPUNWEB NONWOVEN LIMITED
EQ,SRD,SHANKAR LAL RAMPAL LTD
EQ,SREEL,SREELEATHERS LIMITED
EQ,SRF,SRF LTD
EQ,SRGHFL,SRG HOUSING FINANCE L
EQ,SRHHYPOLTD,SREE RAYALSEEMA HHP LTD.
SM,SRIVASAVI,SRIVASAVI ADHESIVE TAPE L
EQ,SRM,SRM CONTRACTORS LIMITED
EQ,SRTL,SHREE RAM TWISTEX LIMITED
EQ,SSDL,SARASWATI SAREE DEPOT LTD
SM,SSEGL,SATHLOKHAR SYN E&C GLOB L
SM,SSFL,SRIVARI SPICES N FOODS L
E1,SSFLPP,SPANDANA RS.5 PPD UP
EQ,SSWL,STEEL STRIPS WHEELS LTD.
EQ,STALLION,STALLION IND FLUOROCHEM L
EQ,STANLEY,STANLEY LIFESTYLES LTD
EQ,STAR,STRIDES PHARMA SCI LTD
EQ,STARCEMENT,STAR CEMENT LIMITED
EQ,STARHEALTH,STAR HEALTH & AL INS CO L
EQ,STARPAPER,STAR PAPER MILLS LTD
EQ,STARTECK,STARTECK FINANCE LIMITED
EQ,STCINDIA,THE STATE TRADING CORPN
EQ,STEELCAS,STEELCAST LIMITED
EQ,STEELCITY,STEEL CITY SECURITIES LTD
EQ,STEELXIND,STEEL EXCHANGE INDIA LTD
EQ,STEL,STEL HOLDINGS LIMITED
EQ,STERTOOLS,STERLING TOOLS LIMITED
EQ,STLNETWORK,STL NETWORKS LIMITED
EQ,STOVEKRAFT,STOVE KRAFT LIMITED
EQ,STUDDS,STUDDS ACCESSORIES LTD
EQ,STYL,SESHAASAI TECHNOLOGIES L
EQ,STYLAMIND,STYLAM INDUSTRIES LIMITED
EQ,STYLEBAAZA,BAAZAR STYLE RETAIL LTD
EQ,STYRENIX,STYRENIX PERFORMANCE LTD
SM,SUBAHOTELS,SUBA HOTELS LIMITED
EQ,SUBROS,SUBROS LIMITED
EQ,SUDARCOLOR,SUDARSHAN COLORNT IND LTD
EQ,SUDARSCHEM,SUDARSHAN CHEMICAL INDS L
EQ,SUDEEPPHRM,SUDEEP PHARMA LIMITED
EQ,SUKHJITS,SUKHJIT STARCH & CHEM LTD
EQ,SULA,SULA VINEYARDS LIMITED
EQ,SUMEETINDS,SUMEET IND LIMITED
EQ,SUMICHEM,SUMITOMO CHEM INDIA LTD
EQ,SUMMITSEC,SUMMIT SECURITIES LTD
EQ,SUNCLAY,SUNDARAM CLAYTON LIMITED
EQ,SUNDARAM,SUNDARAM MULTI PAP LTD
EQ,SUNDARMFIN,SUNDARAM FINANCE LTD
EQ,SUNDRMBRAK,SUNDARAM BRAK LININGS LTD
EQ,SUNDRMFAST,SUNDRAM FASTENERS LTD
EQ,SUNDROP,SUNDROP BRANDS LIMITED
EQ,SUNFLAG,SUNFLAG IRON AND STEEL CO
SM,SUNTECH,SUNTECH INFRA SOLUTIONS L
EQ,SUNTECK,SUNTECK REALTY LIMITED
EQ,SUNTV,SUN TV NETWORK LIMITED
EQ,SUPERHOUSE,SUPERHOUSE LIMITED
EQ,SUPERSPIN,SUPER SPINNING MILLS LTD
EQ,SUPRAJIT,SUPRAJIT ENGINEERING LTD
EQ,SUPREME,SUPREME HOLDIN N HOSP I L
EQ,SUPREMEIND,SUPREME INDUSTRIES LTD
EQ,SUPREMEINF,SUPREME INFRA. LTD.
EQ,SUPRIYA,SUPRIYA LIFESCIENCE LTD
EQ,SURAJEST,SURAJ ESTATE DEVELOPERS L
EQ,SURAJLTD,SURAJ LIMITED
EQ,SURAKSHA,SURAKSHA DIAGNOSTIC LTD
EQ,SURANASOL,SURANA SOLAR LIMITED
EQ,SURANAT&P,SURANA TELECOM AND POW LT
EQ,SURYALA,SURYALATA SPINNING MILL L
EQ,SURYALAXMI,SURYALAKSHMI COT MIL LTD
EQ,SURYAROSNI,SURYA ROSHNI LTD
EQ,SURYODAY,SURYODAY SMALL FIN BK LTD
EQ,SUTLEJTEX,SUTLEJ TEXT & INDUS LTD
EQ,SUVEN,SUVEN LIFE SCIENCES LTD
EQ,SUYOG,SUYOG TELEMATICS LIMITED
EQ,SUZLON,SUZLON ENERGY LIMITED
EQ,SVLL,SHREE VASU LOGISTICS LTD
EQ,SWANCORP,SWAN CORP LIMITED
SM,SWARAJ,SWARAJ SUITING LIMITED
EQ,SWARAJENG,SWARAJ ENGINES LTD
EQ,SWELECTES,SWELECT ENERGY SYS LTD
EQ,SWIGGY,SWIGGY LIMITED
EQ,SWSOLAR,STRLNG & WIL REN ENE LTD
SM,SYLVANPLY,SYLVAN PLYBOARD (INDIA) L
EQ,SYMPHONY,SYMPHONY LIMITED
EQ,SYNCOMF,SYNCOM FORMU (I) LTD
EQ,SYNGENE,SYNGENE INTERNATIONAL LTD
SM,SYNOPTICS,SYNOPTICS TECHNOLOGIES L
EQ,SYRMA,SYRMA SGS TECHNOLOGY LTD
SM,SYSTANGO,SYSTANGO TECHNOLOGIES LTD
EQ,SYSTMTXC,SYSTEMATIX CORP SERVICE L
EQ,TAALTECH,TAAL TECH LTD.
SM,TAC,TAC INFOSEC LIMITED
EQ,TAINWALCHM,TAINWALA CHEMICAL AND PLA
EQ,TAJGVK,TAJ GVK HOTELS & RESORTS
EQ,TALBROAUTO,TALBROS AUTO. COMP. LTD
EQ,TAMBOLIIN,TAMBOLI INDUSTRIES LTD.
SM,TANKUP,TANKUP ENGINEERS LIMITED
EQ,TANLA,TANLA PLATFORMS LIMITED
EQ,TARACHAND,TARA CHAND INFRA SOLN LTD
EQ,TARAPUR,TARAPUR TRANSFORMERS LTD
EQ,TARC,TARC LIMITED
EQ,TARIL,TRANS & RECTI. LTD
EQ,TARSONS,TARSONS PRODUCTS LIMITED
EQ,TASTYBITE,TASTY BITE EATABLES LTD
EQ,TATACHEM,TATA CHEMICALS LTD
EQ,TATACOMM,TATA COMMUNICATIONS LTD
EQ,TATAELXSI,TATA ELXSI LIMITED
EQ,TATAINVEST,TATA INVESTMENT CORP LTD
EQ,TATATECH,TATA TECHNOLOGIES LIMITED
EQ,TATVA,TATVA CHIN PHARM CHEM LTD
SM,TAURIAN,TAURIAN MPS LIMITED
SM,TBI,TBI CORN LIMITED
EQ,TBOTEK,TBO TEK LIMITED
EQ,TBZ,TRIB BHIMJI ZAVERI LTD
EQ,TCC,TCC CONCEPT LIMITED
EQ,TCI,TRANSPORT CORPN OF INDIA
EQ,TCIEXP,TCI EXPRESS LIMITED
EQ,TCIFINANCE,TCI FINANCE LTD
SM,TCL,THAAI CASTING LIMITED
EQ,TCPLPACK,TCPL PACKAGING LIMITED
EQ,TDPOWERSYS,TD POWER SYSTEMS LTD.
EQ,TEAMGTY,TEAM INDIA GUARANTY LTD
EQ,TEAMLEASE,TEAMLEASE SERVICES LTD.
SM,TECHD,TECHD CYBERSECURITY LTD
SM,TECHERA,TECHERA ENGINEER (IND) L
EQ,TECHNOE,TECHNO ELEC & ENG CO. LTD
EQ,TECHNVISN,TECHNVISION VENTURES LTD.
EQ,TECILCHEM,TECIL CHEMICALS
EQ,TEGA,TEGA INDUSTRIES LIMITED
SM,TEJASCARGO,TEJAS CARGO INDIA LIMITED
EQ,TEJASNET,TEJAS NETWORKS LIMITED
EQ,TEMBO,TEMBO GLOBAL IND LTD
EQ,TENNIND,TENNECO CLEAN AIR INDIA L
EQ,TERASOFT,TERA SOFTWARE LIMITED
EQ,TEXINFRA,TEXMACO INFRA & HOLDG LTD
EQ,TEXMOPIPES,TEXMO PIPE & PRODUCTS LTD
EQ,TEXRAIL,TEXMACO RAIL & ENG. LTD.
EQ,TFCILTD,TOURISM FINANCE CORP. OF
EQ,TFL,TRANSWARRANTY FIN. LTD.
EQ,TGBHOTELS,TGB BANQUETS&HOTELS LTD
EQ,THACKER,THACKER & CO. LTD.
EQ,THAKDEV,THAKKERS DEVELOPERS LTD.
EQ,THANGAMAYL,THANGAMAYIL JEWELLERY LTD
EQ,THEINVEST,THE INVEST TRUST OF IND L
EQ,THEJO,THEJO ENGINEERING LIMITED
EQ,THELEELA,LEELA PALACES HOTEL LTD
EQ,THEMISMED,THEMIS MEDICARE LTD.
EQ,THERMAX,THERMAX LTD
EQ,THOMASCOOK,THOMAS COOK (INDIA) LTD
EQ,THOMASCOTT,THOMAS SCOTT (INDIA) LTD
EQ,THYROCARE,THYROCARE TECH LTD
EQ,TI,TILAKNAGAR INDUSTRIES LTD
EQ,TICL,TWAMEV CONS AND INFRA LTD
EQ,TIIL,TECHNOCRAFT IND LTD
EQ,TIINDIA,TUBE INVEST OF INDIA LTD
EQ,TIL,TIL LTD
E1,TILPP,TIL RS.7.50 PPD UP
EQ,TIMETECHNO,TIME TECHNOPLAST LTD.
EQ,TIMEX,TIMEX GROUP INDIA LTD.
EQ,TIMKEN,TIMKEN INDIA LTD.
EQ,TINNARUBR,TINNA RUBBER AND INFR LTD
EQ,TIPSFILMS,TIPS FILMS LIMITED
EQ,TIPSMUSIC,TIPS MUSIC LIMITED
EQ,TIRUMALCHM,THIRUMALAI CHEMICALS LTD
EQ,TITAGARH,TITAGARH RAIL SYSTEMS LTD
EQ,TMB,TAMILNAD MERCA BANK LTD
EQ,TNPETRO,TAMILNADU PETROPRODUCTS L
EQ,TNPL,TAMILNADU NEWSPRT & PAPER
EQ,TNTELE,TAMILNADU TELECOMMUNICATI
EQ,TOLINS,TOLINS TYRES LIMITED
EQ,TORNTPOWER,TORRENT POWER LTD
EQ,TOTAL,TOTAL TRANSPORT SYS LTD
EQ,TOUCHWOOD,TOUCHWOOD ENTERTAIN LTD.
EQ,TPHQ,TEAMO PRODUCTIONS HQ LTD
EQ,TPLPLASTEH,TPL PLASTECH LIMITED
EQ,TRACXN,TRACXN TECHNOLOGIES LTD
EQ,TRANSPEK,TRANSPEK INDUSTRY LTD
EQ,TRANSRAILL,TRANSRAIL LIGHTING LTD
SM,TRANSTEEL,TRANSTEEL SEATING TECH L
EQ,TRANSWORLD,TRANSWORLD SHIP LINES LTD
EQ,TRAVELFOOD,TRAVEL FOOD SERVICES LTD
EQ,TREJHARA,TREJHARA SOLUTIONS LTD
EQ,TREL,TRANSINDIA REAL ESTATE L
EQ,TRF,TRF LIMITED
EQ,TRIDENT,TRIDENT LIMITED
EQ,TRIGYN,TRIGYN TECHNOLOGIES LTD
EQ,TRITURBINE,TRIVENI TURBINE LIMITED
EQ,TRIVENI,TRIVENI ENGG. & INDS. LTD
EQ,TRU,TRUCAP FINANCE LIMITED
EQ,TRUALT,TRUALT BIOENERGY LIMITED
SM,TRUST,TRUST FINTECH LIMITED
EQ,TSFINV,TSF INVESTMENTS LIMITED
EQ,TTKHLTCARE,TTK HEALTHCARE LIMITED
EQ,TTKPRESTIG,TTK PRESTIGE LTD
EQ,TTML,TATA TELESERV(MAHARASTRA)
SM,TUNWAL,TUNWAL E-MOTORS LIMITED
EQ,TVSELECT,TVS ELECTRONICS LTD
EQ,TVSHLTD,TVS HOLDINGS LIMITED
EQ,TVSSRICHAK,TVS SRICHAKRA LIMITED
EQ,TVTODAY,TV TODAY NETWORK LTD
EQ,TVVISION,TV VISION LIMITED
EQ,UBL,UNITED BREWERIES LTD
EQ,UCAL,UCAL LIMITED
EQ,UCOBANK,UCO BANK
EQ,UDS,UPDATER SERVICES LIMITED
EQ,UEL,UJAAS ENERGY LIMITED
EQ,UFBL,UNITED FOODBRANDS LIMITED
EQ,UFLEX,UFLEX LIMITED
EQ,UFO,UFO MOVIEZ INDIA LTD.
EQ,UGARSUGAR,THE UGAR SUGAR WORKS LTD
EQ,UGROCAP,UGRO CAPITAL LIMITED
SM,UHTL,UNITED HEAT TRANSFER LTD
EQ,UJJIVANSFB,UJJIVAN SMALL FINANC BANK
EQ,ULTRAMAR,ULTRAMARINE & PIGMENTS L
EQ,UMIYA-MRO,UMIYA BUILDCON LIMITED
EQ,UNICHEMLAB,UNICHEM LABORATORIES LTD
EQ,UNIDT,UNITED DRILLING TOOLS LTD
EQ,UNIECOM,UNICOMMERCE ESOLUTIONS L
EQ,UNIENTER,UNIPHOS ENTERPRISES LTD
SM,UNILEX,UNILEX COLOURS AND CHEM L
EQ,UNIMECH,UNIMECH AEROSPACE N MFG L
EQ,UNIPARTS,UNIPARTS INDIA LIMITED
EQ,UNITECH,UNITECH LTD
EQ,UNITEDPOLY,UNITED POLYFAB GUJ. LTD.
EQ,UNITEDTEA,UNITED NILGIRI TEA LTD
EQ,UNIVASTU,UNIVASTU INDIA LIMITED
EQ,UNIVCABLES,UNIVERSAL CABLES LTD
EQ,UNOMINDA,UNO MINDA LIMITED
EQ,UPL,UPL LIMITED
SM,URBAN,URBAN ENVIRO WASTE MGMT L
EQ,URBANCO,URBAN COMPANY LIMITED
EQ,URJA,URJA GLOBAL LIMITED
SM,USASEEDS,UPSURGE SEEDS OF AGRI LTD
SM,USHAFIN,USHA FINANCIAL SERVICES L
EQ,USHAMART,USHA MARTIN LTD.
EQ,UTIAMC,UTI ASSET MNGMT CO LTD
EQ,UTKARSHBNK,UTKARSH SMALL FIN BANK L
EQ,UTLSOLAR,FUJIYAMA POWER SYSTEMS L
SM,UTSSAV,UTSSAV CZ GOLD JEWELS LTD
EQ,UTTAMSUGAR,UTTAM SUGAR MILLS LTD.
EQ,UYFINCORP,U. Y. FINCORP LIMITED
EQ,V2RETAIL,V2 RETAIL LIMITED
EQ,VADILALIND,VADILAL INDUSTRIES LTD
EQ,VAIBHAVGBL,VAIBHAV GLOBAL LIMITED
EQ,VAKRANGEE,VAKRANGEE LIMITED
EQ,VALIANTORG,VALIANT ORGANICS LIMITED
EQ,VARDHACRLC,VARDHAMAN ACRYLICS LTD
EQ,VARROC,VARROC ENGINEERING LTD.
EQ,VASWANI,VASWANI IND LTD
EQ,VCL,VAXTEX COTFAB LIMITED
SM,VDEAL,VDEAL SYSTEM LIMITED
EQ,VEEDOL,VEEDOL CORPORATION LTD
EQ,VELJAN,VELJAN DENISON LTD.
EQ,VENKEYS,VENKY S (INDIA) LIMITED
EQ,VENTIVE,VENTIVE HOSPITALITY LTD
EQ,VENUSPIPES,VENUS PIPES & TUBES LTD
EQ,VENUSREM,VENUS REMEDIES LIMITED
EQ,VERANDA,VERANDA LEARNING SOL LTD
IV,VERTIS,VERTIS INFRASTRUCTURE TST
EQ,VERTOZ,VERTOZ LIMITED
EQ,VESUVIUS,VESUVIUS INDIA LTD
EQ,VETO,VETO SWITCHGEAR CABLE LTD
SM,VGINFOTECH,VIRTUAL GALAXY INFOTECH L
EQ,VGL,VARVEE GLOBAL LIMITED
EQ,VGUARD,V-GUARD IND LTD.
EQ,VHL,VARDHMAN HOLDINGS LIMITED
SM,VICTORYEV,VICTORY ELEC VEHICL INT L
EQ,VIDHIING,VIDHI SPCLTY F INGRDNTS L
EQ,VIDYAWIRES,VIDYA WIRES LIMITED
SM,VIESL,VISION INFRA EQUIP SOL L
SM,VIGOR,VIGOR PLAST INDIA LIMITED
EQ,VIJAYA,VIJAYA DIAGNOSTIC CEN LTD
EQ,VIKRAMSOLR,VIKRAM SOLAR LIMITED
EQ,VIKRAN,VIKRAN ENGINEERING LTD
SM,VILAS,VILAS TRANSCORE LIMITED
EQ,VIMTALABS,VIMTA LABS LIMITED
EQ,VINATIORGA,VINATI ORGANICS LTD
EQ,VINCOFE,VINTAGE COFFEE N BVRGS L
EQ,VINDHYATEL,VINDHYA TELELINKS LTD
EQ,VINNY,VINNY OVERSEAS LIMITED
SM,VINSYS,VINSYS IT SERVICES IND LT
SM,VINYAS,VINYAS INNOVATIVE TECH L
EQ,VINYLINDIA,VINYL CHEMICALS (I) LTD.
EQ,VIPCLOTHNG,VIP CLOTHING LIMITED
EQ,VIPIND,VIP INDUSTRIES LTD
EQ,VISAKAIND,VISAKA INDUSTRIES LIMITED
EQ,VISHNU,VISHNU CHEMICALS LIMITED
SM,VISHNUINFR,VISHNUSURYA PROJ N INFR L
SM,VISHWAS,VISHWAS AGRI SEEDS LTD
SM,VIVIANA,VIVIANA POWER TECH LTD
SM,VIVIDEL,VIVID ELECTROMECH LIMITED
EQ,VIVIDHA,VISAGAR POLYTEX LTD
SM,VIVO,VIVO COLLAB SOLUTIONS LTD
EQ,VIYASH,VIYASH SCIENTIFIC LIMITED
EQ,VLSFINANCE,VLS FINANCE LTD
SM,VMARCIND,V MARC INDIA LIMITED
EQ,VMART,VMART RETAIL LTD
EQ,VMM,VISHAL MEGA MART LIMITED
SM,VOLERCAR,VOLER CAR LIMITED
EQ,VOLTAMP,VOLTAMP TRANSFORMERS LTD
EQ,VOLTAS,VOLTAS LTD
EQ,VRAJ,VRAJ IRON AND STEEL LTD
EQ,VRLLOG,VRL LOGISTICS LIMITED
SM,VSCL,VADIVARHE SPCLTY CHEM LTD
EQ,VSSL,VARDHMAN SPC STEEL LTD
EQ,VSTIND,VST INDUSTRIES LTD
EQ,VSTL,VIBHOR STEEL TUBES LTD
EQ,VSTTILLERS,VST TILLERS TRACTORS LTD
EQ,VTL,VARDHMAN TEXTILES LIMITED
EQ,WAAREEENER,WAAREE ENERGIES LIMITED
EQ,WAAREERTL,WAAREE RENEWABLE TECH LTD
EQ,WABAG,VA TECH WABAG LTD
EQ,WAKEFIT,WAKEFIT INNOVATIONS LTD
EQ,WALCHANNAG,WALCHANDNAGAR INDUSTRIES
EQ,WCIL,WESTERN CARRIERS (IND) L
EQ,WEALTH,WEALTH FRST PORT. MG. LTD
EQ,WEBELSOLAR,WEBSOL ENERGY SYSTEM LTD
EQ,WEIZMANIND,WEIZMANN LTD
EQ,WEL,WONDER ELECTRICALS LTD
EQ,WELCORP,WELSPUN CORP LIMITED
EQ,WELENT,WELSPUN ENTERPRISES LTD.
EQ,WELINV,WELSPUN INV & COMM LTD
EQ,WELSPLSOL,WELSPUN SPECIALTY SOL L
EQ,WELSPUNLIV,WELSPUN LIVING LIMITED
EQ,WENDT,WENDT (INDIA) LIMITED
EQ,WESTLIFE,WESTLIFE FOODWORLD LTD
EQ,WEWORK,WEWORK INDIA MANAGEMENT L
EQ,WHEELS,WHEELS INDIA LTD
EQ,WHIRLPOOL,WHIRLPOOL OF INDIA LTD
EQ,WILLAMAGOR,WILLIAMSON MAGOR
EQ,WIMPLAST,WIM PLAST LTD
EQ,WINDLAS,WINDLAS BIOTECH LIMITED
EQ,WINDMACHIN,WINDSOR MACHINES LIMITED
SM,WINNY,WINNY IMMIGRA & EDU SER L
SM,WINSOL,WINSOL ENGINEERS LIMITED
EQ,WIPL,THE WESTERN INDIA PLY LTD
EQ,WOCKPHARMA,WOCKHARDT LIMITED
SM,WOL3D,WOL 3D INDIA LIMITED
SM,WOMANCART,WOMANCART LIMITED
EQ,WONDERLA,WONDERLA HOLIDAYS LTD.
EQ,WORTHPERI,WORTH PERIPHERALS LIMITED
EQ,WPIL,W P I L LTD.
EQ,WSI,W.S.INDUSTRIES (I) LTD.
EQ,WSTCSTPAPR,WEST COAST PAPER MILLS LT
SM,WTICAB,WISE TRAVEL INDIA LIMITED
EQ,XCHANGING,XCHANGING SOLUTIONS LTD
EQ,XELPMOC,XELPMOC DESIGN & TECH LTD
EQ,XPROINDIA,XPRO INDIA LIMITED
EQ,XTGLOBAL,XTGLOBAL INFOTECH LIMITED
EQ,YASHO,YASHO INDUSTRIES LIMITED
SM,YASHOPTICS,YASH OPTICS & LENS LTD
EQ,YATHARTH,YATHARTH HOSP & TRA C S L
EQ,YATRA,YATRA ONLINE LIMITED
SM,YCCL,YASONS CHEMEX CARE LTD
EQ,YESBANK,YES BANK LIMITED
EQ,YUKEN,YUKEN INDIA LIMITED
EQ,ZAGGLE,ZAGGLE PREPA OCEAN SER L
SM,ZEAL,ZEAL GLOBAL SERVICES LTD
EQ,ZEEL,ZEE ENTERTAINMENT ENT LTD
EQ,ZEELEARN,ZEE LEARN LIMITED
SM,ZENITHDRUG,ZENITH DRUGS LIMITED
EQ,ZENITHEXPO,ZENITH EXPORTS LTD
EQ,ZENITHSTL,ZENITH STEEL PIP IND LTD
EQ,ZENSARTECH,ZENSAR TECHNOLOGIES  LTD
EQ,ZENTEC,ZEN TECHNOLOGIES LIMITED
EQ,ZFCVINDIA,ZF COM VE CTR SYS IND LTD
EQ,ZFSTEERING,Z F STEERING GEAR (I) LTD
EQ,ZODIACLOTH,ZODIAC CLOTHING CO. LTD.
EQ,ZOTA,ZOTA HEALTH CARE LIMITED
EQ,ZSARACOM,SARASWATI COMM (INDIA) L
SM,ZTECH,Z-TECH (INDIA) LIMITED
EQ,ZUARI,ZUARI AGRO CHEMICALS LTD
EQ,ZUARIIND,ZUARI INDUSTRIES LIMITED
EQ,ZYDUSWELL,ZYDUS WELLNESS LIMITED
 , , 
 , ,TRADE FOR TRADE STOCKS
BE,A2ZINFRA,A2Z INFRA ENGINEERING LTD
BE,AAKASH,AAKASH EXPLORATION SER L
BE,AAREYDRUGS,AAREY DRUGS & PHARM LTD
BE,ABAN,ABAN OFFSHORE LTD.
BE,ABANSENT,ABANS ENTERPRISES LTD.
BE,ABMINTLLTD,ABM INTERNATIONAL LTD
BE,ACCURACY,ACCURACY SHIPPING LIMITED
BE,AEPL,ARTEMIS ELECTRICALS & P L
BE,AFFORDABLE,AFFORD ROBO & AUTO LTD
BE,AFIL,AKME FINTRADE (INDIA) LTD
BE,AHLWEST,ASIAN HOTELS (WEST) LTD
BE,AKSHOPTFBR,AKSH OPTIFIBRE  LTD
BE,ANIKINDS,ANIK INDUSTRIES LTD
BE,ARTNIRMAN,ART NIRMAN LIMITED
BE,ASTRON,ASTRON PAPER BORD MIL LTD
BE,AVADHSUGAR,AVADH SUG & ENERGY LTD
BE,BAFNAPH,BAFNA PHARMACEUTICALS LTD
BE,BALAXI,BALAXI PHARMA LTD
BE,BANKA,BANKA BIOLOO LIMITED
BE,BCG,BRIGHTCOM GROUP LIMITED
BE,BEDMUTHA,BEDMUTHA INDUST LTD
BE,BGRENERGY,BGR ENERGY SYSTEMS LTD
BE,BHAGYANGR,BHAGYANAGAR INDIA LIMITED
BE,BHANDARI,BHANDARI HOSIERY EXP LTD
BE,BIRLACABLE,BIRLA CABLE LIMITED
BE,BLBLIMITED,BLB LIMITED
BE,BLUECOAST,BLUE COAST HOTELS LIMITED
BE,BOHRAIND,BOHRA INDUSTRIES LIMITED
BE,BROOKS,BROOKS LAB LIMITED
BE,BYKE,THE BYKE HOSPITALITY LTD
BE,CALSOFT,CALIFORNIA SOFTWARE CO LT
BE,CAPTRUST,CAPITAL TRUST LIMITED
BE,CHEMBOND,CHEMBOND MATERIALTECH LTD
BE,CHEMBONDCH,CHEMBOND CHEMICAL LIMITED
BE,CLEDUCATE,CL EDUCATE LIMITED
BE,CONSOFINVT,CONSO. FIN. & HOLD. LTD.
BE,CPCAP,CP CAPITAL LIMITED
BE,CTE,CAMBRIDGE TECH ENTER LTD
BE,CURAA,CURA TECHNOLOGIES LIMITED
BE,CYBERMEDIA,CYBER MEDIA (INDIA) LTD.
BE,DBOL,DHAMPUR BIO ORGANICS LTD
BE,DCI,DC INFOTECH AND COMUN LTD
BE,DCMFINSERV,DCM FINANCIAL SERVICES LT
BE,DCMSIL,DCM SHRIRAM INTERNATNL L
BE,DIGISPICE,DIGISPICE TECHNOLOGIES LT
BE,DISHTV,DISH TV INDIA LTD.
BE,DJML,DJ MEDIAPRINT & LOG LTD
BE,DUCON,DUCON INFRATECHNOLOGIES L
BE,E2E,E2E NETWORKS LIMITED
BE,EASTSILK,EASTERN SILK INDUSTRIES L
BE,EFCIL-RE,EFC (I) LTD
BE,EMAMIREAL,EMAMI REALTY LIMITED
BE,EMPOWER,EMPOWER INDIA LTD.
BE,EQUIPPP,EQUIPPP SOC IMP TECH LTD
BE,FAZE3Q,FAZE THREE LIMITED
BE,FCSSOFT,FCS SOFTWARE SOLN. LTD.
BE,FIBERWEB,FIBERWEB INDIA LIMITED
BE,FILATFASH,FILATEX FASHIONS LIMITED
BE,GAUDIUMIVF,GAUDIUM IVF N WOMEN H L
BE,GAYAPROJ,GAYATRI PROJECTS LTD
BE,GEMAROMA,GEM AROMATICS LIMITED
BE,GLFL,GUJARAT LEASE FINANCING L
BE,GLOBALE,GLOBALE TESSILE LIMITED
BE,GLOBECIVIL,GLOBE CIVIL PROJECTS LTD
BE,GRADIENTE,GRADIENTE INFOTAINMENT L
BE,GSS,GSS INFOTECH LIMITED
BE,GTL,GTL LTD
BE,GVKPIL,GVK POW. & INFRA LTD.
BE,GVPIL,GE POWER INDIA LIMITED
BE,HAVISHA,SRI HAVISHA HOSP & INFR L
BE,HBSL,HB STOCKHOLDINGS LIMITED
BE,HILINFRA,HIGHWAY INFRASTRUCTURE L
BE,HINDCON,HINDCON CHEMICALS LIMITED
BE,HITECHGEAR,THE HI-TECH GEARS LIMITED
BE,ICDSLTD,ICDSLTD
BE,INDOWIND,INDOWIND ENERGY LTD
BE,INSPIRISYS,INSPIRISYS SOLUTIONS LTD
BE,IZMO,IZMO LIMITED
BE,JHS,JHS SVEND. LAB. LTD
BE,JITFINFRA,JITF INFRALOGISTICS LTD
BE,JKIPL,JINKUSHAL INDUSTRIES LTD
BE,KAKATCEM,KAKATIYA CEM SUGAR &IND L
BE,KAMOPAINTS,KAMDHENU VENTURES LIMITED
BE,KANCHI,KANCHI KARPOORAM LTD.
BE,KAVDEFENCE,KAVVERI DFS & WIR TEC LTD
BE,KECL,KIRLOSKAR ELECTRIC CO LTD
BE,KHAICHEM,KHAITAN CHEM & FERT LTD
BE,KHAITANLTD,KHAITAN (INDIA)LTD.
BE,KREBSBIO,KREBS BIOCHEMICALS & IND
BE,KRITI,KRITI INDUSTRIES IND LTD
BE,KRITINUT,KRITI NUTRIENTS LIMITED
BE,KSHITIJPOL,KSHITIJ POLYLINE LIMITED
BE,KSR,KSR FOOTWEAR LIMITED
BE,LANCORHOL,LANCOR HOLDINGS LIMITED
BE,LASA,LASA SUPERGENERICS LTD
BE,LAXMICOT,LAXMI COTSPIN LIMITED
BE,LAXMIINDIA,LAXMI INDIA FINANCE LTD
BE,LCCINFOTEC,LCC INFOTECH LTD
BE,LEXUS,LEXUS GRANITO (INDIA) LTD
BE,LIKHITHA,LIKHITHA INFRASTRUC LTD
BE,LOKESHMACH,LOKESH MACHINES LTD
BE,LOYALTEX,LOYAL TEXTILE MILLS LTD
BE,LPDC,LANDMARK PR.DEV.CO.LTD
BE,LYKALABS,LYKA LABS LTD.
BE,MADHUCON,MADHUCON PROJECTS LTD.
BE,MAGNUM,MAGNUM VENTURES LTD.
BE,MAHASTEEL,MAHAMAYA STEEL INDS LTD
BE,MANAKSTEEL,MANAKSIA STEELS LTD
BE,MANGALAM,MANGALAM DRUG & CHEM LTD
BE,MARALOVER,MARAL OVERSEAS LTD
BE,MASKINVEST,MASK INVESTMENTS LIMITED
BE,MAWANASUG,MAWANA SUGARS LIMITED
BE,MBLINFRA,MBL INFRASTRUCTURE LTD
BE,MCL,MADHAV COPPER LIMITED
BE,MCLEODRUSS,MCLEOD RUSSEL INDIA LTD.
BE,MEIL,MANGAL ELECTRICAL IND L
BE,MTEDUCARE,MT EDUCARE LTD
BE,NAGREEKCAP,NAGREEKA CAP & INFR.LTD
BE,NAHARSPING,NAHAR SPINNING MILLS LTD.
BE,NECLIFE,NECTAR LIFESCIENCES LTD.
BE,NINSYS,NINTEC SYSTEMS LIMITED
BE,NIRAJISPAT,NIRAJ ISPAT IND LTD
BE,ODIGMA,ODIGMA CONSULTANCY SOL L
BE,OILCOUNTUB,OIL COUNTRY TUBULAR LTD.
BE,OMAXAUTO,OMAX AUTOS LTD
BE,ORTINGLOBE,ORTIN GLOBAL LIMITED
BE,OSIAHYPER,OSIA HYPER RETAIL LIMITED
BE,OSWALAGRO,OSWAL AGRO MILLS LTD
BE,PALREDTEC,PALRED TECHNOLOGIES LTD
BE,PANACHE,PANACHE DIGILIFE LIMITED
BE,PARASPETRO,PARAS PETROFILS LTD.
BE,PARSVNATH,PARSVNATH DEVELOPER LTD
BE,PAVNAIND,PAVNA INDUSTRIES LIMITED
BE,PEARLPOLY,PEARL POLYMERS LTD
BE,PENINLAND,PENINSULA LAND LIMITED
BE,PFOCUS,PRIME FOCUS LIMITED
BE,PLAZACABLE,PLAZA WIRES LIMITED
BE,PNC,PRITISH NANDY COMMUNICATI
BE,PRAXIS,PRAXIS HOME RETAIL LTD
BE,PRECOT,PRECOT LIMITED
BE,PREMIER,PREMIER LIMITED
BE,PREMIERPOL,PREMIER POLYFILMS LTD
BE,PRITI,PRITI INTERNATIONAL LTD
BE,RACE,RACE ECO CHAIN LIMITED
BE,RADIOCITY,MUSIC BROADCAST LIMITED
BE,RAJMET,RAJNANDINI METAL LIMITED
BE,RAJRILTD,RAJ RAYON INDUSTRIES LTD
BE,RCOM,RELIANCE COMMUNICATIONS L
BE,REGAAL,REGAAL RESOURCES LIMITED
BE,REPL,RUDRABHISHEK ENTERP LTD
BE,RMC,RMC SWITCHGEARS LIMITED
BE,RNBDENIMS,R&B DENIMS LIMITED
BE,ROLLT,ROLLATAINERS LIMITED
BE,RSSOFTWARE,R. S. SOFTWARE (INDIA) LI
BE,RUDRA,RUDRA GLOBAL INFRA PROD L
BE,S&SPOWER,S&S POWER SWITCHGEARS
BE,SADBHAV,SADBHAV ENGINEERING LTD
BE,SADHNANIQ,SADHANA NITROCHEM LIMITED
BE,SAKUMA,SAKUMA EXPORTS LIMITED
BE,SALSTEEL,S.A.L. STEEL LTD.
BE,SAMBHAAV,SAMBHAAV MEDIA LTD
BE,SANGINITA,SANGINITA CHEMICALS LTD
BE,SARVESHWAR,SARVESHWAR FOODS LIMITED
BE,SCHNEIDER,SCHNEIDER ELECTRIC INFRA
BE,SCPL,SHEETAL COOL PRODUCTS LTD
BE,SECMARK,SECMARK CONSULTANCY LTD
BE,SECURKLOUD,SECUREKLOUD TECH LIMITED
BE,SEJALLTD,SEJAL GLASS LIMITED
BE,SETCO,SETCO AUTOMOTIVE LTD
BE,SEYAIND,SEYA INDUSTRIES LIMITED
BE,SHANKARA,SHANKARA BLDG PRODUCT LTD
BE,SHEKHAWATI,SHEKHAWATI INDUSTRIES LTD
BE,SHIVAMAUTO,SHIVAM AUTO.LTD
BE,SHIVAUM,SHIV AUM STEELS LIMITED
BE,SHYAMTEL,SHYAM TELECOM LIMITED
BE,SICALLOG,SICAL LOGISTICS LIMITED
BE,SIGACHI,SIGACHI INDUSTRIES LTD
BE,SIGMAADV,SIGMA ADVANCED SYSTEM LTD
BE,SOFTTECH,SOFTTECH ENGINEERS LTD
BE,STLTECH,STERLITE TECHNOLOGIES LTD
BE,SUBEXLTD,SUBEX LTD
BE,SUMIT,SUMIT WOODS LIMITED
BE,SUVIDHAA,SUVIDHAA INFOSERVE LTD
BE,SVPGLOB,SVP GLOBAL TEXTILES LTD
BE,SWANDEF,SWAN DEFENCE N HEVY IND L
BE,TAKE,TAKE SOLUTIONS LTD
BE,TARMAT,TARMAT LIMITED
BE,TIGERLOGS,TIGER LOGISTICS (INDIA) L
BE,TIJARIA,TIJARIA POLYPIPES LTD
BE,TIRUPATIFL,TIRUPATI FORGE LIMITED
BE,TOKYOPLAST,TOKYO PLAST  INTL LTD.
BE,TREEHOUSE,TREE HOUSE EDU LTD
BE,TTL,T T LIMITED
BE,TVSSCS,TVS SUPPLY CHAIN SOL L
BE,UMAEXPORTS,UMA EXPORTS LIMITED
BE,UMESLTD,USHA MARTIN EDU & SOL LTD
BE,UNIINFO,UNIINFO TELECOM SERVI LTD
BE,UNIVPHOTO,UNIVERSUS IMAGINGS LTD
BE,URAVIDEF,URAVI DEFENCE &TECH LTD
BE,USK,UDAYSHIVAKUMAR INFRA LTD
BE,VAISHALI,VAISHALI PHARMA LIMITED
BE,VALIANTLAB,VALIANT LABORATORIES LTD
BE,VARDMNPOLY,VARDHMAN POLYTEX LTD.
BE,VASCONEQ,VASCON ENGINEERS LTD
BE,VHLTD,VICEROY HOTELS LIMITED
BE,VIJIFIN,VIJI FINANCE LIMITED
BE,VIKASECO,VIKAS ECOTECH LIMITED
BE,VIKASLIFE,VIKAS LIFECARE LIMITED
BE,VINEETLAB,VINEET LABORATORIES LTD
BE,VIPULLTD,VIPUL LIMITED
BE,VIRINCHI,VIRINCHI LIMITED
BE,VISASTEEL,VISA STEEL LIMITED
BE,VISHWARAJ,VISHWARAJ SUGAR IND LTD
BE,VITAL,VITAL CHEMTECH LIMITED
BE,VIVIMEDLAB,VIVIMED LABS LIMITED
BE,VLEGOV,VL E GOV AND IT SOL LTD
BE,VMSTMT,VMS TMT LIMITED
BE,VPRPL,VISHNU PRAKASH R PUNGLI L
BE,WAAREEINDO,INDOSOLAR LIMITED
BE,WANBURY,WANBURY LIMITED
BE,WEWIN,WE WIN LIMITED
BE,ZEEMEDIA,ZEE MEDIA CORPORATION LTD
BE,ZIMLAB,ZIM LABORATORIES LIMITED
BE,ZODIAC,ZODIAC ENERGY LIMITED
BZ,ANKITMETAL,ANKIT MET & POW LTD
BZ,ANSALAPI,ANSAL PROP & INFRA LTD
BZ,ARSHIYA,ARSHIYA LIMITED
BZ,CEREBRAINT,CEREBRA INT TECH LTD
BZ,COMPINFO,COMPUAGE INFOCOM LTD
BZ,FEL,FUTURE ENTERPRISES LTD
BZ,FELDVR,FUTURE ENTERPRISES LTD
BZ,FLFL,FUT LIFESTYLE FASH LTD
BZ,GOLDENTOBC,GOLDEN TOBACCO LIMITED
BZ,HDIL,HOUSING DEV & INFRA LTD
BZ,HMT,HMT LTD -
BZ,IL&FSENGG,IL&FS ENG AND CONS CO LTD
BZ,IL&FSTRANS,IL&FS TRANS NET LTD
BZ,IMPEXFERRO,IMPEX FERRO TECH LIMITED
BZ,LAKPRE,LAKSHMI PRE SCRE LTD
BZ,MEP,MEP INFRA. DEVELOPERS LTD
BZ,MORARJEE,MORARJEE TEXTILES LIMITED
BZ,NAGAFERT,NAGARJUN FERT AND CHE LTD
BZ,ORTEL,ORTEL COMMUNICATIONS LTD
BZ,RAJESHEXPO,RAJESH EXPORTS LTD
BZ,RHFL,RELIANCE HOME FINANCE LTD
BZ,SANCO,SANCO INDUSTRIES LIMITED
BZ,SANWARIA,SANWARIA CONSUMER LIMITED
BZ,SHRENIK,SHRENIK LIMITED
BZ,SITINET,SITI NETWORKS LIMITED
BZ,SUPREMEENG,SUPREME ENGINEERING LTD
BZ,WINSOME,WINSOME YARNS LIMITED
ST,AAKAAR,AAKAAR MEDICAL TECHNO LTD
ST,ACCORD,ACCORD SYNERGY LIMITED
ST,ACCPL,ACCRETION PHARMA LIMITED
ST,ADISOFT,ADISOFT TECHNOLOGIES LTD
ST,AGARWALFT,AGARWAL FLOAT GLASS I LTD
ST,AKANKSHA,AKANKSHA POWER N INFRA L
ST,AKIKO,AKIKO GLOBAL SERVICES L
ST,ALCODIS,ALCOKRAFT DISTILLERIE LTD
ST,AMBAAUTO,AMBA AUTO SALES AND SER L
ST,ANLON,ANLON TECHNOLOGY SOL LTD
ST,APEXECO,APEX ECOTECH LIMITED
ST,APSISAERO,APSIS AEROCOM LIMITED
ST,ARCIIL,ARC INSULATION & INSU LTD
ST,ARVINDPORT,ARVIND PORT AND INFRA LTD
ST,ASCOM,ASCOM LEASIN & INVEST LTD
ST,ATCENERGY,ATC ENERGIES SYSTEM LTD
ST,ATMASTCO,ATMASTCO LIMITED
ST,AVANA,AVANA ELECTROSYSTEMS LTD
ST,AVATAR,AVATAR INDUSTRIES LIMITED
ST,BALCO,SOLVE PLASTIC PRODUCTS L
ST,BLUEPEBBLE,BLUE PEBBLE LIMITED
ST,BLUEWATER,BLUE WATER LOGISTICS LTD
ST,BRANDMAN,BRANDMAN RETAIL LIMITED
ST,CADSYS,CADSYS (INDIA) LIMITED
ST,CELLECOR,CELLECOR GADGETS LIMITED
ST,CHETANA,CHETANA EDUCATION LIMITED
ST,CKKRETAIL,C K K RETAIL MART LIMITED
ST,COMMITTED,COMMITTED CARGO CARE LTD
ST,DELTIC,DELTA AUTOCORP LIMITED
ST,DENEERS,DE NEERS TOOLS LIMITED
ST,DIVINEHIRA,DIVINE HIRA JEWELLERS LTD
ST,DRONE,DRONE DESTINATION LIMITED
ST,DUGLOBAL,DUDIGITAL GLOBAL LIMITED
ST,DURLAX,DURLAX TOP SURFACE LTD
ST,E2ERAIL,E TO E TRANS INFRA LTD
ST,EFORCE,ELECTRO FORCE (INDIA) LTD
ST,ENSER,ENSER COMMUNICATIONS LTD
ST,ESCONET,ESCONET TECHNOLOGIES LTD
ST,ESFL,ESSEN SPECIALITY FILMS L
ST,EXCELLENT,EXCELLENT WIRES N PACK L
ST,FRESHARA,FRESHARA AGRO EXPORTS LTD
ST,FROG,FROG INNOVATIONS LIMITED
ST,GANESHIN,GANESH INFRAWORLD LIMITED
ST,GANGABATH,GANGA BATH FITTINGS LTD
ST,GIRIRAJ,GIRIRAJ CIVIL DEVP LTD
ST,GJL,GROVER JEWELLS LIMITED
ST,GOLDSTAR,GOLDSTAR POWER LIMITED
ST,GRAPHISAD,GRAPHISADS LIMITED
ST,GRETEX,GRETEX INDUSTRIES LTD.
ST,GSTL,GLOBESECURE TECHNO LTD
ST,GURUNANAK,GURUNANAK AGRICULTUR IN L
ST,IDENTICAL,IDENTICAL BRAINS STUDIO L
ST,INNOMET,INNOMET ADVANCED MATERI L
ST,INVICTA,INVICTA DIAGNOSTIC LTD
ST,ITALIANE,ITALIAN EDIBLES LIMITED
ST,ITTL,INNOVATIVE TYRE & TUBE LT
ST,IWARE,IWARE SUPPLYCHAIN SER LTD
ST,JAYBEE,JAY BEE LAMINATIONS LTD
ST,JYOTIGLOBL,JYOTI GLOBAL PLAST LTD
ST,KALANA,KALANA ISPAT LIMITED
ST,KCEIL,KAY CEE ENERGY & INFRA L
ST,KODYTECH,KODY TECHNOLAB LIMITED
ST,KRMAYURVED,KRM AYURVEDA LIMITED
ST,LAKSHYA,LAKSHYA POWERTECH LIMITED
ST,MAGSON,MAGSON RETAIL AND DIST L
ST,MAHICKRA,MAHICKRA CHEMICAL LIMITED
ST,MANAV,MANAV INFRA PROJECTS LTD
ST,MARC,MARC TECHNOCRATS LIMITED
ST,MAXVOLT,MAXVOLT ENERGY INDUS L
ST,MEDISTEP,MEDISTEP HEALTHCARE LTD
ST,MOBILISE,MOBILISE APP LAB LIMITED
ST,MUNISH,MUNISH FORGE LIMITED
ST,NEPTUNE,NEPTUNE PETROCHEMICALS L
ST,NEWJAISA,NEWJAISA TECHNOLOGIES LTD
ST,NIRMAN,NIRMAN AGRI GENTICS LTD
ST,OLIL,ONECLICK LOGISTICS IND L
ST,OMFURN,OMFURN INDIA LIMITED
ST,ONDOOR,ON DOOR CONCEPTS LIMITED
ST,PARTH,PARTH ELEC & ENG LTD
ST,PATILAUTOM,PATIL AUTOMATION LIMITED
ST,POLYSIL,POLYSIL IRRIGATION SYST L
ST,POSITRON,POSITRON ENERGY LIMITED
ST,PPSL,PICTUREPOST STUDIOS LTD
ST,PRESSTONIC,PRESSTONIC ENGINEERING L
ST,PRIZOR,PRIZOR VIZTECH LIMITED
ST,QUESTLAB,QUEST LABORATORIES LTD
ST,RBS,RAMDEVBABA SOLVENT LTD
ST,RITEZONE,RITE ZONE CHEMCON IND LTD
ST,ROXHITECH,ROX HI TECH LIMITED
ST,RTL,RAMA TELECOM LIMITED
ST,SATECH,S A TECH SOFTWARE INDIA L
ST,SATKARTAR,SAT KARTAR LIFE LIMITED
ST,SEL,SUNGARNER ENERGIES LTD
ST,SHIGAN,SHIGAN QUANTUM TECH LTD
ST,SHRIKANHA,SHRI KANHA STAINLESS LTD
ST,SIDDHICOTS,SIDDHI COTSPIN LIMITED
ST,SILKFLEX,SILKFLEX POLYMERS INDIA L
ST,SOCL,SUNDREX OIL COMPANY LTD
ST,SONAMAC,SONA MACHINERY LIMITED
ST,SPECTSTM,SPECTRUM TALENT MGMT LTD
ST,STUDIOLSD,STUDIO LSD LIMITED
ST,SUNLITE,SUNLITE RECYCLING IND LTD
ST,SUPREMEPWR,SUPREME POWER EQUIPMENT L
ST,SURANI,SURANI STEEL TUBES LTD.
ST,SWASTIK,SWASTIK PIPE LIMITED
ST,TECHLABS,TRIDENT TECHLABS LIMITED
ST,TGL,TEERTH GOPICON LIMITED
ST,TROM,TROM INDUSTRIES LIMITED
ST,UCL,USHANTI COLOUR CHEM LTD
ST,UNIHEALTH,UNIHEALTH HOSPITALS LTD
ST,VALUE360,VALUE 360 COMMUNICATION L
ST,VIJAYPD,VIJAYPD CEUTICAL LIMITED
ST,VISAMAN,VISAMAN GLOBAL SALES LTD
ST,VLINFRA,V.L.INFRAPROJECTS LIMITED
ST,WHITEFORCE,HAPPY SQUARE OUTSOURC S L
ST,YAAP,YAAP DIGITAL LIMITED
ST,YUDIZ,YUDIZ SOLUTIONS LIMITED
 , , 
 , ,OTHER SECURITIES
AZ,1015SCL28B,SEC RE NCD 10.15% SR VII
GB,SGBAPR28I,2.50%GOLDBONDS2028SR-I
GB,SGBAUG27,2.50%GOLDBONDS2027SR-III
GB,SGBAUG28V,2.50%GOLDBONDS2028SR-V
GB,SGBAUG29V,2.50%GOLDBONDS2029SR-V
GB,SGBAUG30,2.50%GOLDBONDS2030SR-II
GB,SGBD29VIII,2.50%GOLDBONDS2029SR-VIII
GB,SGBDC27VII,2.50%GOLDBONDS2027SR-VII
GB,SGBDE30III,2.50%GOLDBONDS2030SR-III
GB,SGBDE31III,2.50%GOLDBONDS2031SR-III
GB,SGBDEC26,2.50%GOLDBONDS2026SR-IV
GB,SGBFEB27,2.50%GOLDBONDS2027SR-VI
GB,SGBFEB28IX,2.50%GOLDBONDS2028SR-IX
GB,SGBFEB29XI,2.50%GOLDBONDS2029SR-XI
GB,SGBFEB32IV,2.50%GOLDBONDS2032SR-IV
GB,SGBJ28VIII,2.50%GOLDBONDS2028SR-VIII
GB,SGBJAN27,2.50%GOLDBONDS2027SR-V
GB,SGBJAN29IX,2.50%GOLDBONDS2029SR-IX
GB,SGBJAN29X,2.50%GOLDBONDS2029SR-X
GB,SGBJAN30IX,2.50%GOLDBONDS2030SR-IX
GB,SGBJU29III,2.5%GOLDBONDS2029SR-III
GB,SGBJUL27,2.50%GOLDBONDS2027SR-II
GB,SGBJUL28IV,2.50%GOLDBONDS2028SR-IV
GB,SGBJUL29IV,2.50%GOLDBONDS2029SR-IV
GB,SGBJUN27,2.50%GOLDBONDS2027SR-I
GB,SGBJUN28,2.5%GOLDBONDS2028SR-III
GB,SGBJUN29II,2.5%GOLDBONDS2029SR-II
GB,SGBJUN30,2.50%GOLDBONDS2030SR-I
GB,SGBJUN31I,2.50%GOLDBONDS2031SR-I
GB,SGBMAR28X,2.50%GOLDBONDS2028SR-X
GB,SGBMAR30X,2.50%GOLDBONDS2030SR-X
GB,SGBMAR31IV,2.50%GOLDBONDS2031SR-IV
GB,SGBMAY28,2.50%GOLDBONDS2028SR-II
GB,SGBMAY29I,2.5%GOLDBONDS2029SR-I
GB,SGBMR29XII,2.50%GOLDBONDS2029SR-XII
GB,SGBN28VIII,2.5%GOLDBONDS2028SR-VIII
GB,SGBNOV26,2.50%GOLDBONDS2026SR-III
GB,SGBNV29VII,2.5%GOLDBONDS2029SR-VII
GB,SGBOC28VII,2.50%GOLDBONDS2028SR-VII
GB,SGBOCT26,2.50%GOLDBONDS2026SR-II
GB,SGBOCT27,2.50%GOLDBONDS2027SR-V
GB,SGBOCT27VI,2.50%GOLDBONDS2027SR-VI
GB,SGBSEP27,2.50%GOLDBONDS2027SR-IV
GB,SGBSEP28VI,2.50%GOLDBONDS2028SR-VI
GB,SGBSEP29VI,2.5%GOLDBONDS2029SR-VI
GB,SGBSEP31II,2.50%GOLDBONDS2031SR-II
GS,1018GS2026,GOI LOAN 10.18% 2026
GS,601GS2028,GOI LOAN 6.01% 2028
GS,601GS2030,GOI LOAN  6.01% 2030
GS,610GS2031,GOI LOAN  6.10% 2031
GS,633GS2035,GOI LOAN  6.33% 2035
GS,648GS2035,GOI LOAN  6.48% 2035
GS,657GS2033,GOI LOAN 6.57% 2033
GS,664GS2027,GOI LOAN   6.64% 2027
GS,668GS2040,GOI LOAN  6.68% 2040
GS,676GS2061,GOI LOAN  6.76% 2061
GS,679GS2027,GOI LOAN 6.79% 2027
GS,679GS2031,GOI LOAN   6.79% 2031
GS,68GS2060,GOI LOAN  6.8% 2060
GS,690GS2065,GOI LOAN  6.90% 2065
GS,694GS2036,GOI LOAN  6.94% 2036
GS,695GS2061,GOI LOAN  6.95% 2061
GS,697GR2034,GOI LOAN   6.97% 2034
GS,699GS2051,GOI LOAN  6.99% 2051
GS,706GS2028,GOI LOAN  7.06% 2028
GS,709GS2054,GOI LOAN  7.09% 2054
GS,709GS2074,GOI LOAN   7.09% 2074
GS,710GS2029,GOI LOAN 7.10% 2029
GS,717GS2030,GOI LOAN  7.17% 2030
GS,718GS2033,GOI LOAN  7.18% 2033
GS,718GS2037,GOI LOAN  7.18% 2037
GS,719GS2060,GOI LOAN 7.19% 2060
GS,71GS2034,GOI LOAN  7.1% 2034
GS,724GS2055,GOI LOAN  7.24% 2055
GS,725GS2063,GOI LOAN  7.25% 2063
GS,726GS2032,GOI LOAN  7.26% 2032
GS,732GS2030,GOI LOAN  7.32% 2030
GS,733GS2026,GOI LOAN  7.33% 2026
GS,734GS2064,GOI LOAN  7.34% 2064
GS,738GS2027,GOI LOAN 7.38% 2027
GS,73GS2053,GOI LOAN  7.3% 2053
GS,741GS2036,GOI LOAN  7.41% 2036
GS,743GS2076,GOI LOAN  7.43% 2076
GS,746GS2073,GOI LOAN  7.46% 2073
GS,74GS2062,GOI LOAN  7.4% 2062
GS,750GS2056,GOI LOAN  7.50% 2056
GS,754GS2036,GOI LOAN  7.54% 2036
GS,92GS2030,GOI LOAN 9.20% 2030
N0,1020CCSP27,CCSP 10.20% 2027 SR 02
N0,1025VCCL28,VCCL 10.25% 2028
N0,1150AFIL28,AFIL 11.50% 2028 SR 05
N0,1225IFL27,IFL 12.25% 2027
N0,125VCCL31,VCCL 12.5% 2031
N0,12AFIL28,AFIL 12% 2028
N0,920ISF28B,ISF 9.20% 2028 SR A
N0,925ISF28,ISF 9.25% 2028
N0,925SCL26G,SCL 9.25% 2026 II
N0,930APMD28,APMD 9.30% 2028 STRPP B
N0,930APMD31,APMD 9.30% 2031 STRPP E
N0,930APMD32,APMD 9.30% 2032 STRPP F
N0,930APMD33,APMD 9.30% 2033 STRPP G
N0,930APMD34,APMDC 9.30% 2034 STRPP H
N0,935TSI27,TSI 9.35% 27 SR I-A
N0,935TSI31,TSI 9.35% 31 SR I-E
N0,935TSIIC28,TSIIC 9.35% 2028 SR I- B
N0,935TSIIC33,TSIIC 9.35% 2033 SR 1- G
N0,945SCL28,SCL 9.45% 2028 SR III
N0,950ISF27A,ISF 9.50% 2027
N0,950ISF27C,ISF 9.50% 2027
N0,975ISF28,ISF 9.75% NCD 2028
N0,PCPL27,PCPL 6 M MIBOR-OIS 2027
N1,1025UCL26A,SEC RE NCD 10.25% SR II
N1,79NHIT35,SEC RE NCD 7.90% STRPP A
N1,872MMFSL26,8.72% UNSECURED NCD
N1,888ECL28,ECL 8.88% 2028 SR V
N1,948SCL27R,SCL 9.48% 2027 SR V
N1,9IHFL27,SEC RE NCD 9% SR IV
N1,IHFL261224,SEC RE NCD SR II
N2,764NABAR31,7.64% TAX FREE TRI SRIIB
N2,79NHIT40,SEC RE NCD 7.90% STRPP B
N2,810IRFC27,BOND 8.10% PA TAX FREE S2
N2,82HUDCO27,8.20 NCD05MAR27 FV 1000
N2,830NHAI27,BOND 8.30% PA TAX FREE S2
N2,8ABCL26,ABCL 8% SR I
N2,925ECL28,ECL 9.25% 2028 SR VI
N2,957ISFL26,SEC RE NCD 9.57% SR 3
N2,9MMFSML,9.00% UNSECURED NCD
N3,10ISFL26,SEC RE NCD 10% SR 4
N3,760PFCL35,7.60% TAX FREE NCD
N3,79NHIT47,SEC RE NCD 7.90% STRPP C
N3,7PFCL31,PFCL 7.00% 2031 SR I
N3,M&MFIN,UNSECURED NCD
N4,1003ISFL28,SEC RE NCD 10.03% SR 5
N4,865SCL27,SCL 8.65% 2027 SR II
N4,891IIFCL34,8.91% TAX FREE NCD
N4,965AEL27,SEC RE NCD 9.65% SR IV
N5,805ABCL28,ABCL 8.05% SR III
N5,805NMC33,NMC 8.05% 2033 SR STRPP E
N5,830PFCL27,8.30% TAX FREE NCD
N5,880IREDA29,IREDA 8.80NCDTR I SR II B
N5,935LTF29,SE RE NCD 9.35% SR.V OP2
N5,957NIDO26,SEC RED NCD 9.57% SR. V
N5,96IIFL28,UNSEC RE NCD 9.60% SR.II
N6,10IIFL29,UNSEC RED NCD 10.0% SR. V
N6,846REC28,BOND 8.46% TAX FREE S2A
N6,875NHAI29,8.75% TAX FREE TR I S IIB
N6,891NTPC33,8.91%S-R-NCD SERIES 3B
N6,892NHPC33,8.92% SEC RED BOND S3B
N6,893NHB29,NHB 8.93 NCD TR II SR 2 B
N6,901NHB34,BOND 9.01%PA TF TR-I S 3B
N7,1050NFL26,SEC RE NCD 10.50% SR.IV
N7,774IREDA31,7.74% TAX FREE NCD
N7,898LTF29,SERENCD 8.98% SR.VI OP2
N7,NIDOZC26,SEC RED NCD SR. VII
N8,1102NFL26,SEC RE NCD 11.02% SR.V
N8,764HUDCO31,7.64% TAX FREETRI SR2B
N8,865SCL26,SEC RED NCD 8.65% SR. V
N8,865TCAPS27,SERENCD8.65%SR.IIICIII&IV
N8,892PFCL33,8.92% TAX FREE NCD
N8,AEL120924B,SEC RE NCD SR VIII
N9,735NHAI31,TAX FREE7.35% SR.IIA
N9,769HUDCO31,7.69% TAX FREETRII SR2B
N9,871REC28,BOND 8.71% TAX FREE S2B
N9,895AEL27,AEL 8.95% 2027 SR I
NA,1040NFL26,SEC RE NCD 10.40% SR.II
NA,76NHAI31,TAX FREE7.60% SR.IIB
NA,84CIFCL28,SEC RE NCD 8.40% SR 5
NA,865IRFC29,BOND 8.65% PA TF TI-SIIB
NA,910TCAP28,UNSERENCD9.1%SRIIICIII&IV
NA,957IIFLS27,SEC RE NCD 9.57% SR III
NA,9PCHFL31A,SEC RE NCD 9% SR.V
NA,9SCL26BA,SEC RED NCD 9.0% SR. VI
NB,885AEL28,AEL 8.85% 2028 SR III
NB,SCLZC26,SEC RED NCD SR. VII
NC,1065NFL27,SEC RE NCD 10.65% SR.IV
NC,843IHFL29,SEC RE NCD 8.43% SR.VI
NC,885TCAPS29,UNSERENCD8.85%SRIVCIII&IV
ND,1050IIFL29,SEC RE NCD 10.50% SR VI
ND,762NTPC35F,TFB 7.62% 2035 SR. 3B
ND,875IHFL29,SEC RE NCD 8.75% SR.VII
ND,876HUDCO28,8.76% TAX FREETRI SR2B
NE,10IIFL28A,UNSE RE NCD 10% SR.I
NE,769NHAI31,TAX FREE 7.69% SR. IIB
NE,888IRFC29,BOND 8.88% PA TF TII-SIIB
NE,901HUDCO34,9.01% TAX FREETRII SR3B
NE,915SCL26,UNS RED NCD 9.15% SR.IX
NF,1015UCL27,UCL 10.15% SR III
NF,96IIFL28A,UNSE RE NCD 9.6% SR.II
NF,CIFCZC26,SEC RE NCD SR 4
NG,IIFLZC28,UNSE RE NCD 0% SR.III
NH,743REC35,7.43% TAX FREE TRI SR3B
NH,860AEL28,AEL 8.60% 2028 SR I
NH,87LTF27,SERENCD 8.70% SR.VII OPII
NJ,753IRFC30,TAX FREE  7.53% SR. 103 A
NK,875AEL29,AEL 8.75% 2029 SR IV
NK,985ECL28,SEC RED NCD 9.85% SR. VII
NL,797IGT31,SEC RE NCD 7.97% SR.VI
NL,842IIFL26,SEC RE NCD 8.42% SR.V
NM,862AEL31,AEL 8.62% 2031 SR VI
NM,995SCL2035,SCL 9.95% 2035 SR XII
NN,890AEL31,AEL 8.90% 2031 SR VII
NO,764IRFC31,TAX FREE  7.64% SR. 108A
NO,985SFIL28,SEC RE NCD 9.85% SR.VIII
NO,AEL1212026,AEL 0% 2031 SR VIII
NR,1015ECL29,SEC RED NCD 10.15% SR. VI
NS,1060ECL29,SEC RED NCD 10.6% SR. VII
NS,865IIFL28,SEC RE NCD 8.65% SR.V
NU,IIFLZC28A,SEC RE NCD 0% SR.VII
NZ,890SFIL23A,SEC RE NCD 10.03% SR.VIII
P1,TVSMNCRPS,TVS MOTOR COMPANY LIMITED
SG,723GJ27,SDL GJ 7.23% 2027
SG,77BR38,SDL BR 7.7% 2038
SG,806RJ57,SDL RJ 8.06% 2057
TB,182D210526,GOI TBILL 182D-21/05/26
TB,364D110327,GOI TBILL 364D-11/03/27
TB,364D190227,GOI TBILL 364D-19/02/27
TB,364D190327,GOI TBILL 364D-19/03/27
TB,91D040626,GOI TBILL 91D-04/06/26
TB,91D060826,GOI TBILL 91D-06/08/26
TB,91D090726,GOI TBILL 91D-09/07/26
TB,91D300726,GOI TBILL 91D-30/07/26
Y1,IIFLZC28B,SEC RE NCD 0% SR.VII
Y3,1025IIFL30,IIFL 10.25% TR I SR IX
Y4,837IIFL28,IIFL 8.37% TR I SR I
Y5,852IIFL29,IIFL 8.52% TR I SR II
Y6,865IIFL31,IIFL 8.65% TR I SR III
Y7,870IIFL28,IIFL 8.70% TR I SR IV
Y9,9IIFL31,IIFL 9.00% TR I SR VI
YA,IIFL060326,IIFL TR I SR VII
YI,903SFL28,SEC RED NCD 9.03% SR. II
YR,925SCL27,SEC RE NCD 9.25% SR.VII
YT,889SCL27,SEC RE NCD 8.89% SR.VIII
YW,957ICCL25,SEC RED NCD 9.30% SR. II
YZ,97SFL29,SEC RED NCD 9.70% SR. V
Z5,931SFL26,SEC RED NCD 9.31% SR.III
Z8,1025SCL34,SEC RE NCD 10.25% SR XII
Z9,97SFL26,SEC RED NCD 9.7% SR.VII
ZB,965SCL26A,SEC RE NCD 9.65% SR I
 , , 
 , ,LIMITED PHYSICAL MARKET
BL,ADANIENT,ADANI ENTERPRISES LIMITED
BL,EMBASSY,EMBASSY OFFICE PARKS REIT
BL,JIOFIN,JIO FIN SERVICES LTD
 , , 
 , ,EXCHANGE TRADED FUND
EQ,ABGSEC,BIRLASLAMC - ABGSEC
EQ,ABSL10BANK,BIRLASLAMC - ABSL10BANK
EQ,ABSLBANETF,BIRLASLAMC - ABSLBANETF
EQ,ABSLLIQUID,BIRLASLAMC - ABSLLIQUID
EQ,ABSLMSCIN,BIRLASLAMC - ABSLMSCIN
EQ,ABSLNN50ET,BIRLASLAMC - ABSLNN50ET
EQ,ABSLPSE,BIRLASLAMC-ABSLPSE
EQ,ALPHA,KOTAKMAMC - KOTAKALPHA
EQ,ALPHAETF,MIRAEAMC - ALPHAETF
EQ,ALPL30IETF,ICICIPRAMC - ICICIALPLV
EQ,AONEGOLD,AONEAMC - AONEGOLD
EQ,AONELIQUID,AONEAMC - AONELIQUID
EQ,AONENIFTY,AONEAMC - AONENIFTY
EQ,AONESILVER,AONEAMC - AONESILVER
EQ,AONETMMQ50,AONEAMC - AONETMMQ50
EQ,AONETOTAL,AONEAMC - AONETOTAL
EQ,AUTOBEES,NIPPONAMC - NETFAUTO
EQ,AUTOIETF,ICICIPRAMC - ICICIAUTO
EQ,AXISBNKETF,AXISAMC - AXISBNKETF
EQ,AXISCETF,AXISAMC - AXISCETF
EQ,AXISGOLD,AXIS MF - AXIS GOLD ETF
EQ,AXISHCETF,AXISAMC - AXISHCETF
EQ,AXISILVER,AXISAMC - AXISILVER
EQ,AXISNIFTY,AXISAMC - AXISNIFTY
EQ,AXISTECETF,AXISAMC - AXISTECETF
EQ,AXISVALUE,AXISAMC - AXISVALUE
EQ,AXSENSEX,AXISAMC - AXSENSEX
EQ,BANK10ADD,DSPAMC - BANK10ADD
EQ,BANKADD,DSPAMC - DSPBANK
EQ,BANKBEES,NIP IND ETF BANK BEES
EQ,BANKBETA,UTIAMC-BANKBETA
EQ,BANKBETF,BFAM - BANKBETF
EQ,BANKETF,MIRAEAMC - BANKETF
EQ,BANKIETF,ICICIPRAMC - IPRU5008
EQ,BANKNIFTY1,KOTAKMAMC-KOTAKBKETF
EQ,BANKPSU,MIRAEAMC - BANKPSU
EQ,BBETF0432,EDELAMC - BBETF0432
EQ,BBNPNBETF,BARODABNP - BBNPNBETF
EQ,BBNPPGOLD,BARODABNP - BBNPPGOLD
EQ,BFSI,MIRAEAMC - MAFSETF
EQ,BSE500IETF,ICICIPRAMC - ICICI500
EQ,BSLGOLDETF,ADITYBIRLA SL GOLD ETF-GR
EQ,BSLNIFTY,ADITYBIRLA SL NIF ETF-GR
EQ,BSLSENETFG,BIRLASLAMC - BSLSENETFG
EQ,CASHIETF,ICICIPRAMC - CASHIETF
EQ,CHEMICAL,KOTAKMAMC - CHEMICAL
EQ,CHOICEGOLD,CHOICEAMC - CHOICEGOLD
EQ,COMMOIETF,ICICIPRAMC - ICICICOMMO
EQ,CONS,KOTAKMAMC - KOTAKCONS
EQ,CONSUMBEES,NIP IND ETF CONSUMPTION
EQ,CONSUMER,MIRAEAMC - CONSUMER
EQ,CONSUMIETF,ICICIPRAMC - ICICICONSU
EQ,CPSEETF,CPSE ETF
EQ,DEFENCE,MIRAEAMC - DEFENCE
EQ,DIVIDEND,MIRAEAMC - DIVIDEND
EQ,DIVOPPBEES,NIP IND ETF DIV OPP
EQ,EBANKNIFTY,EDELAMC - EBANKNIFTY
EQ,EBBETF0430,EDELAMC - EBBETF0430
EQ,EBBETF0431,EDELAMC - EBBETF0431
EQ,EBBETF0433,EDELAMC - EBBETF0433
EQ,ECAPINSURE,EDELAMC - ECAPINSURE
EQ,EGOLD,EDELAMC - EGOLD
EQ,ELIQUID,EDELAMC - ELIQUID
EQ,ELM250,EDELAMC - ELM250
EQ,EMULTIMQ,EDELAMC - EMULTIMQ
EQ,ENERGY,MIRAEAMC - ENERGY
EQ,ENIFTY,EDELAMC - ENIFTY
EQ,EQUAL200,MIRAEAMC - EQUAL200
EQ,EQUAL50,MIRAEAMC - EQUAL50
EQ,EQUAL50ADD,DSPAMC - DSPNEWETF
EQ,ESENSEX,EDELAMC - ESENSEX
EQ,ESG,MIRAEAMC - MAESGETF
EQ,ESILVER,EDELAMC - ESILVER
EQ,EVIETF,ICICIPRAMC - EVIETF
EQ,EVINDIA,MIRAEAMC - EVINDIA
EQ,FINIETF,ICICIPRAMC-ICICIFIN
EQ,FLEXIADD,DSPAMC - FLEXIADD
EQ,FMCGIETF,ICICIPRAMC - ICICIFMCG
EQ,GILT10BETA,UTIAMC-GILT10BETA
EQ,GILT5BETA,UTIAMC-GILT5BETA
EQ,GILT5YBEES,RELCAPAMC - NETFGILT5Y
EQ,GOLD1,KOTAK GOLD ETF
EQ,GOLD360,360ONEAMC - GOLD360
EQ,GOLDADD,DSPAMC - DSPGOLD
EQ,GOLDBEES,NIP IND ETF GOLD BEES
EQ,GOLDBETA,UTIAMC-UTIGOLDBETA
EQ,GOLDBND,BANDHANAMC - GOLDBND
EQ,GOLDCASE,ZERODHAAMC - GOLDCASE
EQ,GOLDETF,MIRAEAMC - MAGOLDETF
EQ,GOLDIETF,ICICI PRUDENTIAL GOLD ETF
EQ,GROWWCAPM,GROWWAMC - GROWWCAPM
EQ,GROWWCHEM,GROWWAMC - GROWWCHEM
EQ,GROWWDEFNC,GROWWAMC - GROWWDEFNC
EQ,GROWWEV,GROWWAMC - GROWWEV
EQ,GROWWGOLD,GROWWAMC - GROWWGOLD
EQ,GROWWHOSPI,GROWWAMC - GROWWHOSPI
EQ,GROWWLIQID,GROWWAMC - GROWWLIQID
EQ,GROWWLOVOL,GROWWAMC - GROWWLOVOL
EQ,GROWWMC150,GROWWAMC - GROWWMC150
EQ,GROWWMETAL,GROWWAMC - GROWWMETAL
EQ,GROWWMOM50,GROWWAMC - GROWWMOM50
EQ,GROWWN200,GROWWAMC - GROWWN200
EQ,GROWWNET,GROWWAMC - GROWWNET
EQ,GROWWNIFTY,GROWWAMC - GROWWNIFTY
EQ,GROWWNXT50,GROWWAMC - GROWWNXT50
EQ,GROWWPOWER,GROWWAMC - GROWWPOWER
EQ,GROWWPSE,GROWWAMC - GROWWPSE
EQ,GROWWPSUBK,GROWWAMC - GROWWPSUBK
EQ,GROWWRAIL,GROWWAMC - GROWWRAIL
EQ,GROWWRLTY,GROWWAMC - GROWWRLTY
EQ,GROWWSC250,GROWWAMC - GROWWSC250
EQ,GROWWSLVR,GROWWAMC - GROWWSLVR
EQ,GSEC10IETF,ICICIPRAMC - ICICI10GS
EQ,GSEC10YEAR,MIRAEAMC - MAGS813ETF
EQ,GSEC5IETF,ICICIPRAMC - ICICI5GSEC
EQ,HDFCBSE500,HDFCAMC - HDFCBSE500
EQ,HDFCGOLD,HDFC GOLD ETF
EQ,HDFCGROWTH,HDFCAMC - HDFCGROWTH
EQ,HDFCLIQUID,HDFCAMC - HDFCLIQUID
EQ,HDFCLOWVOL,HDFCAMC - HDFCLOWVOL
EQ,HDFCMID150,HDFCAMC - HDFCMID150
EQ,HDFCMOMENT,HDFCAMC - HDFCMOMENT
EQ,HDFCNEXT50,HDFCAMC - HDFCNEXT50
EQ,HDFCNIF100,HDFCAMC - HDFCNIF100
EQ,HDFCNIFBAN,HDFCAMC - HDFCNIFBAN
EQ,HDFCNIFIT,HDFCAMC - HDFCNIFIT
EQ,HDFCNIFTY,HDFCAMC - HDFCNIFTY
EQ,HDFCPSUBK,HDFCAMC HDFCPSUBK
EQ,HDFCPVTBAN,HDFCAMC - HDFCPVTBAN
EQ,HDFCQUAL,HDFCAMC - HDFCQUAL
EQ,HDFCSENSEX,HDFCAMC - HDFCSENSEX
EQ,HDFCSILVER,HDFCAMC - HDFCSILVER
EQ,HDFCSML250,HDFCAMC - HDFCSML250
EQ,HDFCVALUE,HDFCAMC - HDFCVALUE
EQ,HEALTHADD,DSPAMC - HEALTHADD
EQ,HEALTHCARE,MIRAEAMC - HEALTHCARE
EQ,HEALTHIETF,ICICIPRAMC - ICICIPHARM
EQ,HEALTHY,BIRLASLAMC - HEALTHY
EQ,HNGSNGBEES,NIP IND ETF HANGSENG BEES
EQ,HSBCGOLD,HSBCAMC - HSBCGOLD
EQ,ICICIB22,ICICIPRAMC - BHARATIWIN
EQ,IDFNIFTYET,BANDHANAMC - IDFNIFTYET
EQ,INFRA,MIRAEAMC - INFRA
EQ,INFRABEES,NIP IND ETF INFRA BEES
EQ,INFRAIETF,ICICIPRAMC - ICICIINFRA
EQ,INTERNET,MIRAEAMC - INTERNET
EQ,IT,KOTAKMAMC - KOTAKIT
EQ,ITADD,DSPAMC - DSPIT
EQ,ITBEES,NIP IND ETF IT
EQ,ITBETA,UTIAMC-ITBETA
EQ,ITETF,MIRAEAMC - ITETF
EQ,ITIETF,ICICIPRAMC - ICICITECH
EQ,IVZINGOLD,INVESCO INDIA GOLD ETF
EQ,IVZINNIFTY,INVESCO INDIA NIFTY ETF
EQ,JUNIORBEES,NIP IND ETF JUNIOR BEES
EQ,LICMFGOLD,LIC MF - LIC GOLD ETF
EQ,LICNETFGSC,LICNAMC - LICNMFET
EQ,LICNETFN50,LICNAMC - LICNFENGP
EQ,LICNETFSEN,LICNAMC - LICNFESGP
EQ,LICNFNHGP,LICNAMC - LICNFNHGP
EQ,LICNMID100,LICNAMC - LICNMID100
EQ,LIQGRWBEES,NIPPONAMC - LIQGRWBEES
EQ,LIQUID,MIRAEAMC - LIQUID
EQ,LIQUID1,KOTAKMAMC - KOTAKLIQ
EQ,LIQUIDADD,DSPAMC - LIQUIDADD
EQ,LIQUIDBEES,NIP IND ETF LIQUID BEES
EQ,LIQUIDBETF,BFAM - LIQUIDBETF
EQ,LIQUIDCASE,ZERODHAAMC - LIQUIDCASE
EQ,LIQUIDETF,DSP LIQUID ETF
EQ,LIQUIDIETF,ICICIPRAMC - ICICILIQ
EQ,LIQUIDPLUS,MIRAEAMC - LIQUIDPLUS
EQ,LIQUIDSBI,SBIAMC - LIQUIDSBI
EQ,LIQUIDSHRI,SHRIRAM - LIQUIDSHRI
EQ,LOWVOL,MIRAEAMC - MANV30F
EQ,LOWVOL1,KOTAKMAMC - KOTAKLOVOL
EQ,LOWVOLIETF,ICICI PR NIF LW VL 30 ETF
EQ,LTGILTBEES,NIP IND ETF LONGTERM GILT
EQ,LTGILTCASE,ZERODHAAMC - LTGILTCASE
EQ,MAFANG,MIRAEAMC - MAFANG
EQ,MAHKTECH,MIRAEAMC - MAHKTECH
EQ,MAKEINDIA,MIRAEAMC - MAMFGETF
EQ,MANUFGBEES,NIPPONAMC - MANUFGBEES
EQ,MASPTOP50,MIRAEAMC - MASPTOP50
EQ,METAL,MIRAEAMC - METAL
EQ,METALIETF,ICICIPRAMC - METALIETF
EQ,MID150,KOTAKMAMC - MID150
EQ,MID150BEES,NIP IND ETF MIDCAP 150
EQ,MID150CASE,ZERODHAAMC - MID150CASE
EQ,MIDCAP,KOTAKMAMC - KOTAKMID50
EQ,MIDCAPADD,DSPAMC - MIDCAPADD
EQ,MIDCAPBETA,UTIAMC-MIDCAPBETA
EQ,MIDCAPETF,MIRAEAMC - MAM150ETF
EQ,MIDCAPIETF,ICICIPRAMC - ICICIM150
EQ,MIDQ50ADD,DSPAMC - DSPQ50ETF
EQ,MIDSELIETF,ICICI PRUD MIDCAP SEL ETF
EQ,MIDSMALL,MIRAEAMC - MIDSMALL
EQ,MNC,KOTAKMAMC - KOTAKMNC
EQ,MOALPHA50,MOTILALAMC - MOALPHA50
EQ,MOBANK10,MOTILALAMC - MOBANK10
EQ,MOCAPITAL,MOTILALAMC - MOCAPITAL
EQ,MODEFENCE,MOTILALAMC - MODEFENCE
EQ,MOENERGY,MOTILALAMC - MOENERGY
EQ,MOGOLD,MOTILALAMC - MOGOLD
EQ,MOGSEC,MOTILALAMC - G5
EQ,MOHEALTH,MOTILALAMC - MOHEALTH
EQ,MOINFRA,MOTILALAMC - MOINFRA
EQ,MOIPO,MOTILALAMC - MOIPO
EQ,MOLOWVOL,MOTILALAMC - MOLOWVOL
EQ,MOM100,MOTILAL OS MIDCAP100 ETF
EQ,MOM30IETF,ICICIPRAMC - ICICIMOM30
EQ,MOM50,MOTILAL OSWAL M50 ETF
EQ,MOMENTUM,BIRLASLAMC - MOMENTUM
EQ,MOMENTUM30,KOTAKMAMC - MOMENTUM30
EQ,MOMENTUM50,MOTILALAMC - MOMENTUM50
EQ,MOMGF,MOTILALAMC - MOMGF
EQ,MOMIDMTM,MOTILALAMC - MOMIDMTM
EQ,MOMNC,MOTILALAMC - MOMNC
EQ,MOMOMENTUM,MOTILALAMC - MOMOMENTUM
EQ,MON100,MOTILAL OS NASDAQ100 ETF
EQ,MON50EQUAL,MOTILALAMC - MON50EQUAL
EQ,MONEXT50,MOTILALAMC - MONEXT50
EQ,MONIFTY100,MOTILALAMC - MONIFTY100
EQ,MONIFTY500,MOTILALAMC - MONIFTY500
EQ,MONQ50,MOTILALAMC - MONQ50
EQ,MOPSE,MOTILALAMC - MOPSE
EQ,MOQUALITY,MOTILALAMC - MOQUALITY
EQ,MOREALTY,MOTILALAMC - MOREALTY
EQ,MOSERVICE,MOTILALAMC - MOSERVICE
EQ,MOSILVER,MOTILALAMC - MOSILVER
EQ,MOSMALL250,MOTILALAMC - MOSMALL250
EQ,MOTOUR,MOTILALAMC - MOTOUR
EQ,MOVALUE,MOTILALAMC - MOVALUE
EQ,MSCIADD,DSPAMC - MSCIADD
EQ,MSCIINDIA,KOTAKMAMC - MSCIINDIA
EQ,MULTICAP,MIRAEAMC - MULTICAP
EQ,NETF,TATAAML - NETF
EQ,NEXT30ADD,DSPAMC - NEXT30ADD
EQ,NEXT50,MIRAEAMC - MANXT50
EQ,NEXT50ADD,DSPAMC - NEXT50ADD
EQ,NEXT50BETA,UTIAMC-NEXT50BETA
EQ,NEXT50ETF,KOTAKMAMC - NEXT50ETF
EQ,NEXT50IETF,ICICIPRAMC - ICICINXT50
EQ,NIF100BEES,NIP IND ETF NIFTY 100
EQ,NIF100IETF,ICICI PRUD NIFTY 100 ETF
EQ,NIFTY1,KOTAK NIFTY ETF
EQ,NIFTY100EW,KOTAKMAMC - NIFTY100EW
EQ,NIFTYADD,DSPAMC - DSPNIFTY
EQ,NIFTYBEES,NIP IND ETF NIFTY BEES
EQ,NIFTYBETA,UTIAMC-NIFTYBETA
EQ,NIFTYBETF,BFAM - NIFTYBETF
EQ,NIFTYCASE,ZERODHAAMC - NIFTYCASE
EQ,NIFTYETF,MIRAEAMC - MAN50ETF
EQ,NIFTYIETF,ICICI PRUD NIFTY ETF
EQ,NIFTYQLITY,BIRLASLAMC - NIFTYQLITY
EQ,NPBET,TATAAML - NPBET
EQ,NV20,KOTAKMAMC - KTKNV20ETF
EQ,NV20BEES,NIP IND ETF ETF NV20
EQ,NV20IETF,ICICI PRUDENTIAL NV20 ETF
EQ,OILIETF,ICICIPRAMC - OILIETF
EQ,PHARMABEES,NIPPONAMC - NETFPHARMA
EQ,PSUBANK,KOTAK PSU BANK
EQ,PSUBANKADD,DSPAMC - DSPPSBKETF
EQ,PSUBNKBEES,NIP IND ETF PSU BANK BEES
EQ,PSUBNKIETF,ICICIPRAMC - PSUBANKICI
EQ,PVTBANIETF,ICICIPRAMC - ICICIBANKP
EQ,PVTBANKADD,DSPAMC - DSPPVBKETF
EQ,QGOLDHALF,QUANTUM GOLD FUND
EQ,QNIFTY,QUANTUM NIFTY 50 ETF
EQ,QUAL30IETF,ICICIPRAMC - ICICIQTY30
EQ,QUALITY30,KOTAKMAMC - QUALITY30
EQ,SBIBPB,SBIAMC - SBIBPB
EQ,SBIETFCON,SBIAMC - SBIETFCON
EQ,SBIETFIT,SBIAMC - SBIETFIT
EQ,SBIETFPB,SBIAMC - SBIETFPB
EQ,SBIETFQLTY,SBIAMC - SBIETFQLTY
EQ,SBILIQETF,SBIAMC - SBILIQETF
EQ,SBIMIDMOM,SBIAMC - SBIMIDMOM
EQ,SBINEQWETF,SBIAMC - SBINEQWETF
EQ,SBINMID150,SBIAMC - SBINMID150
EQ,SBISILVER,SBIAMC - SBISILVER
EQ,SELECTIPO,MIRAEAMC - SELECTIPO
EQ,SENSEXADD,DSPAMC - DSPSENXETF
EQ,SENSEXBETA,UTIAMC-SENSEXBETA
EQ,SENSEXETF,MIRAEAMC - SENSEXETF
EQ,SENSEXIETF,ICICI PRUD SENSEX ETF
EQ,SETF10GILT,SBIAMC - SETF10GILT
EQ,SETFGOLD,SBI-ETF GOLD
EQ,SETFNIF50,SBI-ETF NIFTY 50
EQ,SETFNIFBK,SBI-ETF NIFTY BANK
EQ,SETFNN50,SBI-ETF NIFTY NEXT 50
EQ,SHARIABEES,NIP IND ETF SHARIAH BEES
EQ,SILVER,BIRLASLAMC - SILVER
EQ,SILVER1,KOTAKMAMC - KOTAKSILVE
EQ,SILVER360,360ONEAMC - SILVER360
EQ,SILVERADD,DSPAMC - DSPSILVETF
EQ,SILVERAG,MIRAEAMC - MASILVER
EQ,SILVERBEES,NIPPONAMC - NETFSILVER
EQ,SILVERBETA,UTIAMC-SILVERBETA
EQ,SILVERBND,BANDHANAMC - SILVERBND
EQ,SILVERCASE,ZERODHAAMC - SILVERCASE
EQ,SILVERIETF,ICICIPRAMC - ICICISILVE
EQ,SMALL250,MIRAEAMC - SMALL250
EQ,SMALLADD,DSPAMC - SMALLADD
EQ,SMALLCAP,MIRAEAMC - SMALLCAP
EQ,SML100CASE,ZERODHAAMC - SML100CASE
EQ,SNXT30BEES,NIPPONAMC - SNXT30BEES
EQ,SNXT50BETA,UTIAMC-SNXT50BETA
EQ,TATAGOLD,TATAAML-TATAGOLD
EQ,TATSILV,TATAAML-TATSILV
EQ,TECH,BIRLASLAMC - TECH
EQ,TNIDETF,TATAAML - TNIDETF
EQ,TOP100CASE,ZERODHAAMC - TOP100CASE
EQ,TOP10ADD,DSPAMC - TOP10ADD
EQ,TOP15IETF,ICICIPRAMC - TOP15IETF
EQ,TOP20,MIRAEAMC - TOP20
EQ,TWCGOLDETF,WEALTH - TWCGOLDETF
EQ,UNIONGOLD,UNIONAMC - UNIONGOLD
EQ,VAL30IETF,ICICIPRAMC - VAL30IETF
EQ,VALUE,MIRAEAMC - VALUE
